Year,Country,Total_Medals,Gold,Silver,Bronze,Athletes,Event,Sport,Host
1896,Greece,44,10,17,17,102,39,9,1
1896,USA,19,11,6,2,14,16,3,0
1896,Germany,14,7,5,2,19,27,6,0
1896,France,11,5,4,2,12,18,6,0
1896,UK,9,3,3,3,10,19,7,0
1896,Denmark,6,1,2,3,3,12,5,0
1896,Hungary,6,2,1,3,7,14,6,0
1896,Austria,5,2,1,2,3,8,3,0
1896,Australia,3,2,0,1,1,5,2,0
1896,Switzerland,3,1,2,0,3,5,2,0
1896,Italy,0,0,0,0,1,1,1,0
1896,Sweden,0,0,0,0,1,5,2,0
1900,France,102,28,40,34,716,81,19,1
1900,USA,54,21,16,17,75,41,10,0
1900,UK,42,19,11,12,104,39,16,0
1900,Belgium,18,6,7,5,64,31,10,0
1900,Switzerland,9,6,2,1,18,14,4,0
1900,Germany,8,4,3,1,76,27,10,0
1900,Denmark,7,2,3,2,13,14,5,0
1900,Netherlands,7,1,2,4,35,18,7,0
1900,Australia,6,3,0,3,2,6,2,0
1900,Austria,6,0,3,3,16,17,4,0
1900,Hungary,5,1,2,2,18,21,4,0
1900,Italy,5,3,2,0,23,17,6,0
1900,Norway,5,0,2,3,7,9,2,0
1900,Czech Republic,3,0,1,2,7,9,4,0
1900,Canada,2,1,0,1,4,5,1,0
1900,Cuba,2,1,1,0,1,2,1,0
1900,India,2,0,2,0,1,5,1,0
1900,Sweden,2,1,0,1,10,16,4,0
1900,Colombia,1,0,1,0,1,1,1,0
1900,Haiti,1,1,0,0,3,4,2,0
1900,Luxembourg,1,1,0,0,1,1,1,0
1900,Mexico,1,0,0,1,3,1,1,0
1900,New Zealand,1,1,0,0,1,1,1,0
1900,Spain,1,1,0,0,9,7,4,0
1900,Argentina,0,0,0,0,1,1,1,0
1900,Brazil,0,0,0,0,1,3,1,0
1900,Greece,0,0,0,0,3,3,2,0
1900,Iran,0,0,0,0,1,1,1,0
1900,Peru,0,0,0,0,1,2,1,0
1900,Romania,0,0,0,0,1,1,1,0
1900,Russia,0,0,0,0,4,3,2,0
1904,USA,230,76,79,75,524,95,18,1
1904,Germany,16,4,5,7,22,25,9,0
1904,Canada,6,4,1,1,57,16,6,0
1904,Australia,4,0,3,1,2,6,2,0
1904,Austria,4,2,1,1,2,7,2,0
1904,Cuba,4,4,0,0,3,5,2,0
1904,Hungary,4,2,1,1,4,9,2,0
1904,Switzerland,3,1,0,2,3,4,2,0
1904,France,2,0,2,0,1,2,1,0
1904,Greece,2,1,0,1,14,5,3,0
1904,Norway,2,2,0,0,3,6,2,0
1904,UK,2,1,1,0,6,4,3,0
1904,Italy,0,0,0,0,1,1,1,0
1904,South Africa,0,0,0,0,8,2,2,0
1906,France,41,15,10,16,56,51,11,0
1906,Greece,35,8,14,13,320,70,13,1
1906,UK,25,8,12,5,48,42,9,0
1906,USA,23,12,5,6,38,28,5,0
1906,Italy,16,7,6,3,76,37,9,0
1906,Germany,14,4,6,4,49,41,9,0
1906,Sweden,14,2,5,7,39,37,8,0
1906,Hungary,10,2,5,3,35,41,7,0
1906,Austria,9,3,3,3,31,46,9,0
1906,Switzerland,8,4,3,1,9,14,3,0
1906,Belgium,7,2,2,3,16,22,7,0
1906,Denmark,6,3,2,1,49,24,8,0
1906,Finland,4,2,1,1,4,11,2,0
1906,Australia,3,0,0,3,4,9,2,0
1906,Netherlands,3,0,1,2,16,8,2,0
1906,Canada,2,1,1,0,3,4,1,0
1906,Czech Republic,2,0,0,2,13,22,6,0
1906,Norway,2,1,1,0,32,12,3,0
1906,Egypt,0,0,0,0,2,5,3,0
1906,Turkey,0,0,0,0,1,2,1,0
1908,UK,143,56,50,37,735,108,24,1
1908,USA,46,22,12,12,122,52,10,0
1908,Sweden,25,8,6,11,168,67,14,0
1908,France,19,5,5,9,208,54,13,0
1908,Canada,16,3,3,10,87,42,11,0
1908,Germany,13,3,5,5,82,41,12,0
1908,Hungary,9,3,4,2,65,37,8,0
1908,Belgium,8,1,5,2,70,33,11,0
1908,Norway,8,2,3,3,69,23,7,0
1908,Australia,5,1,2,2,30,20,6,0
1908,Denmark,5,0,2,3,78,27,8,0
1908,Finland,5,1,1,3,62,23,6,0
1908,Greece,4,0,3,1,20,25,3,0
1908,Italy,4,2,2,0,66,30,8,0
1908,Russia,3,1,2,0,6,7,3,0
1908,Czech Republic,2,0,0,2,19,15,5,0
1908,Netherlands,2,0,0,2,113,45,11,0
1908,South Africa,2,1,1,0,14,15,4,0
1908,Austria,1,0,0,1,7,10,4,0
1908,Argentina,0,0,0,0,1,1,1,0
1908,Iceland,0,0,0,0,1,1,1,0
1908,Switzerland,0,0,0,0,1,1,1,0
1912,Sweden,65,24,24,17,444,95,16,1
1912,USA,63,26,18,19,174,68,11,0
1912,UK,41,10,15,16,274,79,16,0
1912,Finland,26,9,8,9,164,49,10,0
1912,Germany,26,6,13,7,185,69,14,0
1912,France,15,7,5,3,119,66,13,0
1912,Denmark,12,1,6,5,152,46,13,0
1912,Norway,10,4,1,5,190,58,14,0
1912,Canada,8,3,2,3,37,30,7,0
1912,Hungary,8,3,2,3,121,52,11,0
1912,Italy,8,5,1,2,66,36,8,0
1912,Australia,7,2,2,3,25,17,4,0
1912,Belgium,6,2,1,3,36,23,9,0
1912,South Africa,6,4,2,0,21,21,6,0
1912,Russia,5,0,2,3,159,62,15,0
1912,Austria,4,0,2,2,85,46,12,0
1912,Netherlands,3,0,0,3,33,14,7,0
1912,Greece,2,1,0,1,22,25,5,0
1912,Switzerland,1,1,0,0,7,3,2,0
1912,Chile,0,0,0,0,14,16,4,0
1912,Czech Republic,0,0,0,0,43,26,8,0
1912,Iceland,0,0,0,0,2,2,2,0
1912,Japan,0,0,0,0,2,4,1,0
1912,Luxembourg,0,0,0,0,21,6,2,0
1912,Poland,0,0,0,0,1,1,1,0
1912,Portugal,0,0,0,0,6,8,3,0
1912,Serbia,0,0,0,0,2,2,1,0
1912,Turkey,0,0,0,0,2,7,1,0
1912,Unknown,0,0,0,0,2,1,1,0
1920,USA,95,41,27,27,288,113,18,0
1920,Sweden,64,19,20,25,259,100,18,0
1920,UK,43,14,16,13,234,84,21,0
1920,Belgium,42,16,12,14,336,121,23,1
1920,France,42,9,20,13,304,113,23,0
1920,Finland,34,15,10,9,63,51,9,0
1920,Norway,29,10,10,9,193,72,16,0
1920,Italy,25,14,6,5,174,79,18,0
1920,Denmark,13,3,9,1,154,66,14,0
1920,Netherlands,11,4,2,5,130,58,15,0
1920,Switzerland,11,2,2,7,77,45,13,0
1920,South Africa,10,3,4,3,39,34,7,0
1920,Canada,9,3,3,3,52,39,9,0
1920,Australia,3,0,2,1,13,19,5,0
1920,Brazil,3,1,1,1,19,10,5,0
1920,Estonia,3,1,2,0,14,19,3,0
1920,Czech Republic,2,0,0,2,119,53,13,0
1920,Japan,2,0,2,0,15,15,4,0
1920,Spain,2,0,2,0,58,29,7,0
1920,Greece,1,0,1,0,47,34,8,0
1920,Luxembourg,1,0,1,0,25,18,6,0
1920,New Zealand,1,0,0,1,4,6,3,0
1920,Argentina,0,0,0,0,1,1,1,0
1920,Chile,0,0,0,0,2,2,1,0
1920,Egypt,0,0,0,0,18,11,6,0
1920,India,0,0,0,0,5,6,2,0
1920,Monaco,0,0,0,0,4,6,2,0
1920,Portugal,0,0,0,0,13,7,2,0
1920,Serbia,0,0,0,0,15,1,1,0
1924,USA,99,45,27,27,299,108,18,0
1924,France,40,14,14,12,401,128,20,1
1924,Finland,37,14,13,10,121,69,12,0
1924,UK,35,9,14,12,267,115,18,0
1924,Sweden,29,4,13,12,159,84,15,0
1924,Switzerland,25,7,8,10,141,74,17,0
1924,Italy,16,8,3,5,200,93,18,0
1924,Belgium,13,3,7,3,172,82,17,0
1924,Denmark,11,2,6,3,89,60,13,0
1924,Netherlands,11,4,1,6,177,81,17,0
1924,Czech Republic,10,1,4,5,133,75,16,0
1924,Hungary,10,2,4,4,89,54,12,0
1924,Norway,10,5,2,3,62,43,10,0
1924,Argentina,6,1,3,2,77,39,11,0
1924,Australia,6,3,1,2,36,31,9,0
1924,Estonia,6,1,1,4,37,26,5,0
1924,Austria,4,0,3,1,49,27,8,0
1924,Canada,4,0,3,1,65,39,8,0
1924,South Africa,3,1,1,1,30,25,7,0
1924,Ireland,2,0,1,1,48,29,6,0
1924,Luxembourg,2,1,1,0,48,35,10,0
1924,Poland,2,0,1,1,65,38,10,0
1924,Serbia,2,2,0,0,42,27,9,0
1924,Greece,1,1,0,0,39,37,9,0
1924,Haiti,1,0,0,1,8,9,2,0
1924,Japan,1,0,0,1,19,21,4,0
1924,Monaco,1,0,0,1,7,6,4,0
1924,New Zealand,1,0,0,1,4,6,3,0
1924,Portugal,1,0,0,1,28,16,8,0
1924,Romania,1,0,0,1,35,7,4,0
1924,Uruguay,1,1,0,0,26,11,4,0
1924,Brazil,0,0,0,0,12,15,4,0
1924,Bulgaria,0,0,0,0,24,12,4,0
1924,Chile,0,0,0,0,13,12,5,0
1924,Cuba,0,0,0,0,9,3,2,0
1924,Ecuador,0,0,0,0,3,4,1,0
1924,Egypt,0,0,0,0,24,12,9,0
1924,India,0,0,0,0,13,13,2,0
1924,Latvia,0,0,0,0,36,23,6,0
1924,Lithuania,0,0,0,0,13,2,2,0
1924,Mexico,0,0,0,0,15,15,3,0
1924,Philippines,0,0,0,0,1,2,1,0
1924,Russia,0,0,0,0,3,2,1,0
1924,Spain,0,0,0,0,95,44,15,0
1924,Turkey,0,0,0,0,22,11,5,0
1928,USA,56,22,18,16,280,96,15,0
1928,Germany,39,11,9,19,294,95,16,0
1928,Finland,25,8,8,9,69,48,11,0
1928,France,25,7,12,6,255,112,17,0
1928,Sweden,25,7,6,12,100,66,11,0
1928,Netherlands,23,8,10,5,266,103,17,1
1928,UK,22,4,11,7,232,84,14,0
1928,Italy,20,7,6,7,174,81,15,0
1928,Switzerland,17,7,6,4,133,70,15,0
1928,Canada,15,4,4,7,69,49,8,0
1928,Hungary,10,5,5,0,109,63,12,0
1928,Czech Republic,9,2,5,2,69,51,14,0
1928,Denmark,9,3,2,4,91,55,14,0
1928,Argentina,7,3,3,1,81,40,12,0
1928,Poland,7,2,1,4,93,44,11,0
1928,Estonia,5,2,1,2,20,19,5,0
1928,Japan,5,2,2,1,40,31,7,0
1928,Serbia,5,1,1,3,34,21,6,0
1928,Australia,4,1,2,1,18,26,6,0
1928,Austria,4,3,0,1,73,39,13,0
1928,Egypt,4,2,1,1,32,14,5,0
1928,Norway,4,1,2,1,52,42,9,0
1928,Belgium,3,0,1,2,187,90,15,0
1928,South Africa,3,1,0,2,24,25,7,0
1928,Chile,1,0,1,0,38,22,6,0
1928,Haiti,1,0,1,0,2,3,1,0
1928,India,1,1,0,0,21,10,2,0
1928,Ireland,1,1,0,0,38,27,6,0
1928,Luxembourg,1,1,0,0,48,31,10,0
1928,New Zealand,1,1,0,0,9,12,3,0
1928,Philippines,1,0,0,1,4,6,2,0
1928,Portugal,1,0,0,1,32,14,8,0
1928,Spain,1,1,0,0,80,34,10,0
1928,Uruguay,1,1,0,0,17,1,1,0
1928,Bulgaria,0,0,0,0,5,5,2,0
1928,Cuba,0,0,0,0,1,1,1,0
1928,Greece,0,0,0,0,23,26,4,0
1928,Latvia,0,0,0,0,17,14,6,0
1928,Lithuania,0,0,0,0,12,10,4,0
1928,Malta,0,0,0,0,9,1,1,0
1928,Mexico,0,0,0,0,30,18,6,0
1928,Monaco,0,0,0,0,10,8,4,0
1928,Panama,0,0,0,0,1,2,1,0
1928,Romania,0,0,0,0,21,16,2,0
1928,Turkey,0,0,0,0,31,17,6,0
1928,Zimbabwe,0,0,0,0,2,2,1,0
1932,USA,110,44,36,30,474,122,17,1
1932,Italy,36,12,12,12,112,61,13,0
1932,Finland,25,5,8,12,40,36,5,0
1932,Germany,24,5,12,7,145,67,15,0
1932,Sweden,24,10,5,9,81,51,12,0
1932,France,20,11,5,4,103,57,13,0
1932,Japan,18,7,7,4,157,66,11,0
1932,UK,17,5,7,5,107,50,10,0
1932,Canada,16,2,5,9,102,69,10,0
1932,Hungary,16,6,5,5,58,39,11,0
1932,Poland,9,3,2,4,51,21,4,0
1932,Denmark,8,0,5,3,43,34,9,0
1932,Netherlands,8,2,5,1,46,29,9,0
1932,Czech Republic,6,1,3,2,25,15,4,0
1932,Australia,5,3,1,1,13,17,6,0
1932,Austria,5,1,1,3,19,14,7,0
1932,South Africa,5,2,0,3,12,18,4,0
1932,Argentina,4,3,1,0,33,30,7,0
1932,Philippines,3,0,0,3,8,7,3,0
1932,Ireland,2,2,0,0,16,10,3,0
1932,Mexico,2,0,2,0,73,52,12,0
1932,Belgium,1,0,0,1,36,10,2,0
1932,India,1,1,0,0,19,8,3,0
1932,Latvia,1,0,1,0,5,4,2,0
1932,New Zealand,1,0,1,0,21,15,4,0
1932,Spain,1,0,0,1,7,4,3,0
1932,Switzerland,1,0,1,0,7,9,4,0
1932,Uruguay,1,0,0,1,2,2,2,0
1932,Brazil,0,0,0,0,59,28,5,0
1932,Bulgaria,0,0,0,0,2,1,1,0
1932,China,0,0,0,0,1,2,1,0
1932,Colombia,0,0,0,0,2,2,2,0
1932,Cuba,0,0,0,0,3,1,1,0
1932,El Salvador,0,0,0,0,1,1,1,0
1932,Estonia,0,0,0,0,2,3,2,0
1932,Greece,0,0,0,0,10,12,3,0
1932,Guatemala,0,0,0,0,1,1,1,0
1932,Haiti,0,0,0,0,3,3,2,0
1932,Luxembourg,0,0,0,0,3,3,1,0
1932,Monaco,0,0,0,0,1,1,1,0
1932,Norway,0,0,0,0,7,8,4,0
1932,Peru,0,0,0,0,2,1,1,0
1932,Portugal,0,0,0,0,6,4,3,0
1932,Romania,0,0,0,0,1,1,1,0
1932,Serbia,0,0,0,0,1,1,1,0
1932,Turkey,0,0,0,0,1,1,1,0
1932,Venezuela,0,0,0,0,1,1,1,0
1936,Germany,101,38,31,32,433,143,22,1
1936,USA,57,24,21,12,359,127,21,0
1936,Italy,27,9,13,5,244,99,17,0
1936,Sweden,21,6,5,10,171,84,17,0
1936,Finland,20,8,6,6,108,70,14,0
1936,Japan,20,6,4,10,220,79,14,0
1936,France,19,7,6,6,201,100,18,0
1936,Switzerland,18,4,9,5,190,102,21,0
1936,Austria,17,5,7,5,234,105,19,0
1936,Netherlands,17,6,4,7,165,75,15,0
1936,Hungary,16,10,1,5,216,104,21,0
1936,UK,14,4,7,3,208,91,17,0
1936,Canada,9,1,3,5,97,69,12,0
1936,Czech Republic,9,3,5,1,189,102,17,0
1936,Poland,9,0,4,5,144,55,15,0
1936,Argentina,7,2,2,3,51,31,8,0
1936,Estonia,7,2,2,3,33,29,8,0
1936,Norway,6,1,3,2,70,43,12,0
1936,Denmark,5,0,2,3,121,71,14,0
1936,Egypt,5,2,1,2,53,30,10,0
1936,Belgium,3,0,0,3,150,72,15,0
1936,Mexico,3,0,0,3,32,14,8,0
1936,Latvia,2,0,1,1,29,16,6,0
1936,Turkey,2,1,0,1,48,26,7,0
1936,Australia,1,0,0,1,32,26,7,0
1936,India,1,1,0,0,27,12,4,0
1936,New Zealand,1,1,0,0,7,9,3,0
1936,Philippines,1,0,0,1,28,20,6,0
1936,Portugal,1,0,0,1,19,10,5,0
1936,Romania,1,0,1,0,54,33,9,0
1936,Serbia,1,0,1,0,93,59,13,0
1936,South Africa,1,0,1,0,32,27,6,0
1936,Afghanistan,0,0,0,0,15,4,2,0
1936,Bermuda,0,0,0,0,5,4,1,0
1936,Boliva,0,0,0,0,2,2,2,0
1936,Brazil,0,0,0,0,73,37,9,0
1936,Bulgaria,0,0,0,0,26,22,7,0
1936,Chile,0,0,0,0,40,27,8,0
1936,China,0,0,0,0,54,27,7,0
1936,Colombia,0,0,0,0,5,5,1,0
1936,Costa Rica,0,0,0,0,1,1,1,0
1936,Greece,0,0,0,0,41,34,7,0
1936,Iceland,0,0,0,0,12,6,2,0
1936,Liechtenstein,0,0,0,0,6,5,3,0
1936,Luxembourg,0,0,0,0,49,37,10,0
1936,Malta,0,0,0,0,11,2,2,0
1936,Monaco,0,0,0,0,8,5,2,0
1936,Peru,0,0,0,0,40,16,8,0
1936,Uruguay,0,0,0,0,37,15,6,0
1948,USA,84,38,27,19,300,126,19,0
1948,Sweden,46,17,11,18,181,100,18,0
1948,France,32,11,6,15,316,135,20,0
1948,Italy,31,9,12,10,215,89,16,0
1948,Hungary,27,10,5,12,128,76,15,0
1948,UK,27,4,16,7,407,139,20,1
1948,Denmark,22,5,8,9,162,83,17,0
1948,Finland,22,8,8,6,129,84,16,0
1948,Switzerland,22,5,12,5,186,98,19,0
1948,Netherlands,16,5,2,9,149,74,18,0
1948,Australia,13,2,6,5,75,52,11,0
1948,Turkey,12,6,4,2,58,42,7,0
1948,Czech Republic,11,6,2,3,87,57,11,0
1948,Austria,8,2,2,4,148,79,17,0
1948,Argentina,7,3,3,1,199,101,16,0
1948,Belgium,7,2,2,3,152,77,17,0
1948,Norway,7,1,3,3,81,50,12,0
1948,South Africa,6,2,2,2,35,34,10,0
1948,Egypt,5,2,2,1,85,53,12,0
1948,Mexico,5,2,1,2,88,57,14,0
1948,Canada,4,0,2,2,127,83,13,0
1948,Jamaica,3,1,2,0,13,14,3,0
1948,Panama,2,0,0,2,1,2,1,0
1948,Poland,2,1,0,1,38,28,5,0
1948,Portugal,2,0,1,1,48,22,8,0
1948,Serbia,2,0,2,0,90,35,8,0
1948,South Korea,2,0,0,2,46,24,7,0
1948,Uruguay,2,0,1,1,61,32,11,0
1948,Brazil,1,0,0,1,70,41,11,0
1948,Cuba,1,0,1,0,53,31,12,0
1948,India,1,1,0,0,79,39,10,0
1948,Iran,1,0,0,1,36,23,5,0
1948,Ireland,1,0,0,1,73,34,10,0
1948,Peru,1,1,0,0,41,26,7,0
1948,Puerto Rico,1,0,0,1,9,8,3,0
1948,Spain,1,0,1,0,65,37,11,0
1948,Sri Lanka,1,0,1,0,7,9,2,0
1948,Trinidad,1,0,1,0,5,9,3,0
1948,Afghanistan,0,0,0,0,25,2,2,0
1948,Bermuda,0,0,0,0,12,13,3,0
1948,Chile,0,0,0,0,54,31,9,0
1948,China,0,0,0,0,31,12,6,0
1948,Colombia,0,0,0,0,6,6,3,0
1948,Greece,0,0,0,0,61,44,10,0
1948,Guyana,0,0,0,0,4,7,3,0
1948,Iceland,0,0,0,0,20,18,3,0
1948,Iraq,0,0,0,0,11,4,2,0
1948,Lebanon,0,0,0,0,8,9,3,0
1948,Liechtenstein,0,0,0,0,2,1,1,0
1948,Luxembourg,0,0,0,0,45,32,8,0
1948,Malta,0,0,0,0,1,1,1,0
1948,Monaco,0,0,0,0,4,2,1,0
1948,Myanmar,0,0,0,0,4,5,3,0
1948,New Zealand,0,0,0,0,7,8,5,0
1948,Pakistan,0,0,0,0,35,20,6,0
1948,Philippines,0,0,0,0,26,18,8,0
1948,Singapore,0,0,0,0,1,1,1,0
1948,Syria,0,0,0,0,1,1,1,0
1948,Venezuela,0,0,0,0,1,2,1,0
1952,USA,76,40,19,17,286,133,18,0
1952,Russia,70,22,29,19,295,141,18,0
1952,Hungary,42,16,10,16,188,107,15,0
1952,Sweden,35,12,13,10,206,124,17,0
1952,Germany,24,0,7,17,241,128,18,0
1952,Finland,22,6,3,13,258,139,18,1
1952,Italy,21,8,9,4,231,114,19,0
1952,France,18,6,6,6,245,131,18,0
1952,Switzerland,14,2,6,6,157,96,17,0
1952,Czech Republic,13,7,3,3,99,70,11,0
1952,Australia,11,6,2,3,81,67,12,0
1952,UK,11,1,2,8,257,127,18,0
1952,South Africa,10,2,4,4,64,59,13,0
1952,Japan,8,1,6,1,69,60,13,0
1952,Iran,7,0,3,4,22,22,4,0
1952,Denmark,6,2,1,3,129,73,15,0
1952,Argentina,5,1,2,2,123,77,15,0
1952,Jamaica,5,2,3,0,8,10,2,0
1952,Netherlands,5,0,5,0,104,57,14,0
1952,Norway,5,3,2,0,102,72,14,0
1952,Belgium,4,2,2,0,135,74,16,0
1952,Poland,4,1,2,1,125,74,11,0
1952,Romania,4,1,1,2,114,67,15,0
1952,Brazil,3,1,0,2,97,51,14,0
1952,Canada,3,1,2,0,107,74,13,0
1952,New Zealand,3,1,0,2,14,14,5,0
1952,Serbia,3,1,2,0,87,48,11,0
1952,Turkey,3,2,0,1,51,31,4,0
1952,Austria,2,0,1,1,112,70,16,0
1952,Chile,2,0,2,0,59,33,9,0
1952,India,2,1,0,1,64,42,11,0
1952,Lebanon,2,0,1,1,9,8,4,0
1952,South Korea,2,0,0,2,19,16,6,0
1952,Trinidad,2,0,0,2,2,2,1,0
1952,Uruguay,2,0,0,2,32,16,9,0
1952,Bulgaria,1,0,0,1,63,34,8,0
1952,Egypt,1,0,0,1,106,65,14,0
1952,Ireland,1,0,1,0,19,18,6,0
1952,Luxembourg,1,1,0,0,44,32,9,0
1952,Mexico,1,0,1,0,64,35,13,0
1952,Portugal,1,0,0,1,71,45,10,0
1952,Spain,1,0,1,0,27,21,7,0
1952,Venezuela,1,0,0,1,38,37,8,0
1952,Bahamas,0,0,0,0,7,3,1,0
1952,Bermuda,0,0,0,0,6,6,3,0
1952,China,0,0,0,0,5,7,1,0
1952,Cuba,0,0,0,0,29,23,8,0
1952,Curacao,0,0,0,0,11,1,1,0
1952,Ghana,0,0,0,0,7,5,1,0
1952,Greece,0,0,0,0,48,24,7,0
1952,Guatemala,0,0,0,0,21,26,6,0
1952,Guyana,0,0,0,0,1,1,1,0
1952,Iceland,0,0,0,0,9,11,1,0
1952,Indonesia,0,0,0,0,3,3,3,0
1952,Israel,0,0,0,0,25,17,5,0
1952,Liechtenstein,0,0,0,0,2,1,1,0
1952,Monaco,0,0,0,0,8,6,2,0
1952,Myanmar,0,0,0,0,5,5,2,0
1952,Nigeria,0,0,0,0,9,5,1,0
1952,Pakistan,0,0,0,0,38,25,7,0
1952,Panama,0,0,0,0,1,1,1,0
1952,Philippines,0,0,0,0,25,14,7,0
1952,Puerto Rico,0,0,0,0,21,19,4,0
1952,Singapore,0,0,0,0,5,7,3,0
1952,Sri Lanka,0,0,0,0,5,7,4,0
1952,Thailand,0,0,0,0,8,7,1,0
1952,Vietnam,0,0,0,0,8,7,5,0
1956,Russia,98,37,29,32,281,141,18,0
1956,USA,74,32,25,17,305,144,19,0
1956,Australia,35,13,8,14,298,143,19,1
1956,Germany,26,6,13,7,167,100,16,0
1956,Hungary,26,9,10,7,111,82,13,0
1956,Italy,25,8,8,9,135,80,14,0
1956,UK,24,6,7,11,197,113,18,0
1956,Sweden,19,8,5,6,97,80,15,0
1956,Japan,17,4,10,3,112,72,14,0
1956,Finland,15,3,1,11,71,67,15,0
1956,France,14,4,4,6,145,101,16,0
1956,Romania,13,5,3,5,50,39,11,0
1956,Poland,9,1,4,4,64,48,9,0
1956,Turkey,7,3,2,2,19,20,2,0
1956,Canada,6,2,1,3,96,84,15,0
1956,Czech Republic,6,1,4,1,63,54,10,0
1956,Bulgaria,5,1,3,1,47,31,7,0
1956,Iran,5,2,2,1,17,17,3,0
1956,Ireland,5,1,1,3,18,17,5,0
1956,Chile,4,0,2,2,33,22,8,0
1956,Denmark,4,1,2,1,37,29,11,0
1956,South Africa,4,0,0,4,50,50,10,0
1956,Norway,3,1,0,2,22,18,6,0
1956,Serbia,3,0,3,0,35,16,8,0
1956,Argentina,2,0,1,1,35,32,9,0
1956,Austria,2,0,0,2,34,36,12,0
1956,Belgium,2,0,2,0,57,39,13,0
1956,Mexico,2,1,0,1,24,20,10,0
1956,New Zealand,2,2,0,0,51,28,9,0
1956,South Korea,2,0,1,1,35,23,7,0
1956,Bahamas,1,0,0,1,4,4,2,0
1956,Brazil,1,1,0,0,47,30,12,0
1956,Greece,1,0,0,1,13,13,5,0
1956,Iceland,1,0,1,0,2,2,1,0
1956,India,1,1,0,0,59,32,8,0
1956,Pakistan,1,0,1,0,54,43,8,0
1956,Switzerland,1,0,0,1,9,6,1,0
1956,Uruguay,1,0,0,1,21,8,5,0
1956,Afghanistan,0,0,0,0,12,1,1,0
1956,Bermuda,0,0,0,0,3,1,1,0
1956,Cambodia,0,0,0,0,2,1,1,0
1956,China,0,0,0,0,2,3,1,0
1956,Colombia,0,0,0,0,26,23,6,0
1956,Cuba,0,0,0,0,16,16,5,0
1956,Egypt,0,0,0,0,3,2,1,0
1956,Ethiopia,0,0,0,0,12,10,2,0
1956,Fiji,0,0,0,0,5,4,3,0
1956,Guyana,0,0,0,0,4,6,2,0
1956,Indonesia,0,0,0,0,22,11,6,0
1956,Israel,0,0,0,0,3,3,3,0
1956,Jamaica,0,0,0,0,6,6,1,0
1956,Kenya,0,0,0,0,25,10,4,0
1956,Liberia,0,0,0,0,4,6,1,0
1956,Luxembourg,0,0,0,0,11,22,5,0
1956,Malaysia,0,0,0,0,34,14,5,0
1956,Myanmar,0,0,0,0,11,11,4,0
1956,Netherlands,0,0,0,0,1,1,1,0
1956,Nigeria,0,0,0,0,10,6,1,0
1956,Peru,0,0,0,0,8,5,1,0
1956,Philippines,0,0,0,0,39,30,7,0
1956,Portugal,0,0,0,0,12,7,2,0
1956,Puerto Rico,0,0,0,0,10,9,2,0
1956,Singapore,0,0,0,0,49,13,6,0
1956,Spain,0,0,0,0,6,4,1,0
1956,Sri Lanka,0,0,0,0,3,3,2,0
1956,Taiwan,0,0,0,0,20,13,5,0
1956,Thailand,0,0,0,0,35,14,5,0
1956,Trinidad,0,0,0,0,6,7,3,0
1956,Uganda,0,0,0,0,3,5,1,0
1956,Venezuela,0,0,0,0,22,16,5,0
1956,Vietnam,0,0,0,0,6,4,1,0
1960,Russia,103,43,29,31,283,145,17,0
1960,USA,71,34,21,16,292,147,17,0
1960,Germany,42,12,19,11,293,148,17,0
1960,Italy,36,13,10,13,280,138,19,1
1960,Australia,22,8,8,6,189,122,17,0
1960,Hungary,21,6,8,7,183,107,18,0
1960,Poland,21,4,6,11,185,108,17,0
1960,UK,20,2,6,12,253,130,17,0
1960,Japan,18,4,7,7,161,96,17,0
1960,Romania,10,3,1,6,98,65,13,0
1960,Turkey,9,7,2,0,49,41,6,0
1960,Czech Republic,8,3,2,3,116,75,13,0
1960,Bulgaria,7,1,3,3,98,66,12,0
1960,Denmark,6,2,3,1,100,46,15,0
1960,Sweden,6,1,2,3,134,100,15,0
1960,Switzerland,6,0,3,3,149,90,16,0
1960,Finland,5,1,1,3,117,92,14,0
1960,France,5,0,2,3,238,120,19,0
1960,Belgium,4,0,2,2,101,64,16,0
1960,Iran,4,0,1,3,23,24,5,0
1960,Netherlands,3,0,1,2,110,54,13,0
1960,New Zealand,3,2,0,1,37,28,9,0
1960,South Africa,3,0,1,2,55,46,12,0
1960,Argentina,2,0,1,1,92,54,15,0
1960,Austria,2,1,1,0,103,81,15,0
1960,Brazil,2,0,0,2,72,35,14,0
1960,Pakistan,2,1,0,1,43,35,7,0
1960,Serbia,2,1,1,0,116,64,14,0
1960,Syria,2,0,1,1,74,34,12,0
1960,Trinidad,2,0,0,2,13,13,5,0
1960,Canada,1,0,1,0,85,77,14,0
1960,Ethiopia,1,1,0,0,10,8,2,0
1960,Ghana,1,0,1,0,13,12,2,0
1960,Greece,1,1,0,0,48,38,8,0
1960,India,1,0,1,0,45,20,6,0
1960,Iraq,1,0,0,1,21,23,5,0
1960,Mexico,1,0,0,1,69,55,14,0
1960,Morocco,1,0,1,0,47,45,10,0
1960,Norway,1,1,0,0,40,39,11,0
1960,Portugal,1,0,1,0,65,52,11,0
1960,Singapore,1,0,1,0,5,3,3,0
1960,Spain,1,0,0,1,144,83,16,0
1960,Taiwan,1,0,1,0,27,18,6,0
1960,Venezuela,1,0,0,1,36,26,9,0
1960,Afghanistan,0,0,0,0,12,13,2,0
1960,Bahamas,0,0,0,0,13,8,2,0
1960,Bermuda,0,0,0,0,9,4,1,0
1960,Chile,0,0,0,0,9,8,3,0
1960,China,0,0,0,0,4,3,2,0
1960,Colombia,0,0,0,0,16,13,5,0
1960,Cuba,0,0,0,0,12,15,8,0
1960,Curacao,0,0,0,0,5,4,1,0
1960,Fiji,0,0,0,0,2,3,1,0
1960,Guyana,0,0,0,0,5,6,2,0
1960,Haiti,0,0,0,0,1,1,1,0
1960,Iceland,0,0,0,0,9,11,2,0
1960,Indonesia,0,0,0,0,22,17,8,0
1960,Ireland,0,0,0,0,49,39,8,0
1960,Israel,0,0,0,0,23,28,7,0
1960,Kenya,0,0,0,0,27,13,4,0
1960,Lebanon,0,0,0,0,19,15,6,0
1960,Liberia,0,0,0,0,4,5,1,0
1960,Liechtenstein,0,0,0,0,5,6,3,0
1960,Luxembourg,0,0,0,0,52,48,10,0
1960,Malaysia,0,0,0,0,9,11,4,0
1960,Malta,0,0,0,0,10,6,4,0
1960,Monaco,0,0,0,0,11,6,3,0
1960,Myanmar,0,0,0,0,10,9,5,0
1960,Nigeria,0,0,0,0,12,12,2,0
1960,Panama,0,0,0,0,6,4,3,0
1960,Peru,0,0,0,0,31,8,3,0
1960,Philippines,0,0,0,0,40,27,7,0
1960,Puerto Rico,0,0,0,0,27,13,6,0
1960,San Marino,0,0,0,0,9,5,3,0
1960,South Korea,0,0,0,0,35,38,9,0
1960,Sri Lanka,0,0,0,0,5,5,4,0
1960,Sudan,0,0,0,0,10,10,4,0
1960,Thailand,0,0,0,0,20,16,4,0
1960,Tunisia,0,0,0,0,42,22,7,0
1960,Uganda,0,0,0,0,10,11,2,0
1960,Uruguay,0,0,0,0,34,15,8,0
1960,Vietnam,0,0,0,0,3,5,2,0
1960,Zimbabwe,0,0,0,0,14,17,6,0
1964,Russia,93,30,30,33,317,154,19,0
1964,USA,90,36,26,28,346,159,19,0
1964,Germany,50,10,22,18,337,159,19,0
1964,Japan,29,16,5,8,328,155,21,1
1964,Italy,27,10,10,7,167,91,18,0
1964,Poland,23,7,6,10,140,87,12,0
1964,Hungary,22,10,7,5,182,111,17,0
1964,Australia,18,6,2,10,243,133,19,0
1964,UK,18,4,12,2,204,124,17,0
1964,France,15,1,8,6,138,89,14,0
1964,Czech Republic,14,5,6,3,104,64,13,0
1964,Romania,12,2,4,6,138,76,13,0
1964,Bulgaria,10,3,5,2,63,56,9,0
1964,Netherlands,10,2,4,4,125,57,12,0
1964,Sweden,8,2,2,4,94,72,13,0
1964,Denmark,6,2,1,3,60,40,10,0
1964,Turkey,6,2,3,1,23,24,4,0
1964,Finland,5,3,0,2,89,64,13,0
1964,New Zealand,5,3,0,2,64,35,11,0
1964,Serbia,5,2,1,2,75,32,9,0
1964,Canada,4,1,2,1,115,92,16,0
1964,Switzerland,4,1,2,1,66,51,13,0
1964,Belgium,3,2,0,1,61,36,13,0
1964,South Korea,3,0,2,1,153,93,17,0
1964,Trinidad,3,0,1,2,13,10,4,0
1964,Iran,2,0,0,2,62,58,11,0
1964,Tunisia,2,0,1,1,9,9,3,0
1964,Argentina,1,0,1,0,102,78,14,0
1964,Bahamas,1,1,0,0,11,6,2,0
1964,Brazil,1,0,0,1,61,17,11,0
1964,Cuba,1,0,1,0,27,24,6,0
1964,Ethiopia,1,1,0,0,12,11,3,0
1964,Ghana,1,0,0,1,33,18,3,0
1964,India,1,1,0,0,52,42,8,0
1964,Ireland,1,0,0,1,25,23,7,0
1964,Kenya,1,0,0,1,37,21,5,0
1964,Mexico,1,0,0,1,94,58,15,0
1964,Nigeria,1,0,0,1,18,12,2,0
1964,Pakistan,1,0,1,0,41,29,7,0
1964,Philippines,1,0,1,0,47,45,10,0
1964,Uruguay,1,0,0,1,23,8,4,0
1964,Afghanistan,0,0,0,0,8,8,1,0
1964,Algeria,0,0,0,0,1,7,1,0
1964,Austria,0,0,0,0,56,54,14,0
1964,Bermuda,0,0,0,0,4,2,1,0
1964,Boliva,0,0,0,0,1,1,1,0
1964,Cambodia,0,0,0,0,13,10,3,0
1964,Cameroon,0,0,0,0,1,2,1,0
1964,Chad,0,0,0,0,2,2,1,0
1964,Chile,0,0,0,0,14,13,6,0
1964,China,0,0,0,0,39,24,7,0
1964,Colombia,0,0,0,0,20,19,6,0
1964,Costa Rica,0,0,0,0,2,1,1,0
1964,Curacao,0,0,0,0,4,4,2,0
1964,Dominican Republic,0,0,0,0,1,1,1,0
1964,Egypt,0,0,0,0,73,35,9,0
1964,Greece,0,0,0,0,18,16,4,0
1964,Guyana,0,0,0,0,1,1,1,0
1964,Iceland,0,0,0,0,4,5,2,0
1964,Iraq,0,0,0,0,13,14,3,0
1964,Israel,0,0,0,0,10,12,3,0
1964,Ivory Coast,0,0,0,0,9,10,2,0
1964,Jamaica,0,0,0,0,21,16,4,0
1964,Lebanon,0,0,0,0,5,3,2,0
1964,Liberia,0,0,0,0,1,2,1,0
1964,Liechtenstein,0,0,0,0,2,3,1,0
1964,Luxembourg,0,0,0,0,12,18,7,0
1964,Madagascar,0,0,0,0,3,4,1,0
1964,Malaysia,0,0,0,0,61,48,10,0
1964,Mali,0,0,0,0,2,2,1,0
1964,Monaco,0,0,0,0,1,1,1,0
1964,Mongolia,0,0,0,0,21,29,5,0
1964,Morocco,0,0,0,0,20,10,4,0
1964,Myanmar,0,0,0,0,11,11,5,0
1964,Nepal,0,0,0,0,6,5,2,0
1964,Niger,0,0,0,0,1,1,1,0
1964,Norway,0,0,0,0,26,23,6,0
1964,Panama,0,0,0,0,10,10,5,0
1964,Peru,0,0,0,0,31,19,5,0
1964,Portugal,0,0,0,0,20,20,7,0
1964,Puerto Rico,0,0,0,0,32,29,8,0
1964,Republic of Congo,0,0,0,0,2,2,1,0
1964,Senegal,0,0,0,0,12,7,1,0
1964,Spain,0,0,0,0,51,35,9,0
1964,Sri Lanka,0,0,0,0,6,6,4,0
1964,Taiwan,0,0,0,0,40,46,7,0
1964,Tanzania,0,0,0,0,4,4,1,0
1964,Thailand,0,0,0,0,54,41,8,0
1964,Uganda,0,0,0,0,13,14,2,0
1964,Venezuela,0,0,0,0,16,16,5,0
1964,Vietnam,0,0,0,0,16,14,5,0
1964,Zambia,0,0,0,0,12,13,5,0
1964,Zimbabwe,0,0,0,0,29,15,7,0
1968,USA,107,45,28,34,357,167,18,0
1968,Russia,91,29,32,30,312,164,18,0
1968,Germany,51,14,20,17,499,166,18,0
1968,Hungary,32,10,10,12,166,116,15,0
1968,Japan,25,11,7,7,171,97,18,0
1968,Poland,18,5,2,11,177,112,16,0
1968,Australia,17,5,7,5,128,105,16,0
1968,Italy,16,3,4,9,167,103,17,0
1968,France,15,7,3,5,200,107,16,0
1968,Romania,15,4,6,5,82,64,9,0
1968,Czech Republic,13,7,2,4,121,66,14,0
1968,UK,13,5,5,3,225,133,16,0
1968,Bulgaria,9,2,4,3,112,69,13,0
1968,Kenya,9,3,4,2,39,22,4,0
1968,Mexico,9,3,3,3,274,146,20,1
1968,Denmark,8,1,4,3,64,53,11,0
1968,Serbia,8,3,3,2,69,54,11,0
1968,Netherlands,7,3,3,1,107,52,11,0
1968,Canada,5,1,3,1,139,124,14,0
1968,Iran,5,2,1,2,14,14,3,0
1968,Switzerland,5,0,1,4,85,68,12,0
1968,Austria,4,0,2,2,43,37,12,0
1968,Cuba,4,0,4,0,115,78,13,0
1968,Finland,4,1,2,1,66,61,13,0
1968,Mongolia,4,0,1,3,16,26,4,0
1968,Sweden,4,2,1,1,100,95,13,0
1968,Brazil,3,0,1,2,76,27,13,0
1968,New Zealand,3,1,0,2,52,26,8,0
1968,Argentina,2,0,0,2,89,60,12,0
1968,Belgium,2,0,1,1,82,55,13,0
1968,Ethiopia,2,1,1,0,18,13,3,0
1968,Norway,2,1,1,0,46,36,11,0
1968,South Korea,2,0,1,1,54,43,11,0
1968,Tunisia,2,1,0,1,7,7,2,0
1968,Turkey,2,2,0,0,29,29,4,0
1968,Uganda,2,0,1,1,11,14,2,0
1968,Cameroon,1,0,1,0,5,5,2,0
1968,Greece,1,0,0,1,44,27,7,0
1968,India,1,0,0,1,23,11,5,0
1968,Jamaica,1,0,1,0,25,21,5,0
1968,Pakistan,1,1,0,0,15,3,2,0
1968,Taiwan,1,0,0,1,43,57,8,0
1968,Venezuela,1,1,0,0,23,17,5,0
1968,Afghanistan,0,0,0,0,5,5,1,0
1968,Algeria,0,0,0,0,3,9,2,0
1968,Bahamas,0,0,0,0,16,12,3,0
1968,Barbados,0,0,0,0,9,10,5,0
1968,Belize,0,0,0,0,7,6,4,0
1968,Bermuda,0,0,0,0,6,4,2,0
1968,Boliva,0,0,0,0,4,3,3,0
1968,Central African Republic,0,0,0,0,1,1,1,0
1968,Chad,0,0,0,0,3,3,1,0
1968,Chile,0,0,0,0,21,19,4,0
1968,China,0,0,0,0,11,12,3,0
1968,Colombia,0,0,0,0,43,33,5,0
1968,Costa Rica,0,0,0,0,18,18,6,0
1968,Curacao,0,0,0,0,5,4,2,0
1968,Democratic Republic of the Congo,0,0,0,0,5,2,1,0
1968,Dominican Republic,0,0,0,0,18,16,5,0
1968,Ecuador,0,0,0,0,15,21,6,0
1968,Egypt,0,0,0,0,30,18,7,0
1968,El Salvador,0,0,0,0,60,48,7,0
1968,Fiji,0,0,0,0,1,1,1,0
1968,Ghana,0,0,0,0,31,18,3,0
1968,Guatemala,0,0,0,0,48,37,8,0
1968,Guinea,0,0,0,0,15,1,1,0
1968,Guyana,0,0,0,0,5,6,4,0
1968,Honduras,0,0,0,0,6,4,1,0
1968,Iceland,0,0,0,0,8,15,3,0
1968,Indonesia,0,0,0,0,6,5,2,0
1968,Iraq,0,0,0,0,3,4,3,0
1968,Ireland,0,0,0,0,31,32,7,0
1968,Israel,0,0,0,0,29,20,4,0
1968,Ivory Coast,0,0,0,0,10,7,2,0
1968,Kuwait,0,0,0,0,2,1,1,0
1968,Lebanon,0,0,0,0,11,13,6,0
1968,Libya,0,0,0,0,1,1,1,0
1968,Liechtenstein,0,0,0,0,2,3,1,0
1968,Luxembourg,0,0,0,0,5,7,5,0
1968,Madagascar,0,0,0,0,4,6,2,0
1968,Malaysia,0,0,0,0,31,14,4,0
1968,Mali,0,0,0,0,2,2,2,0
1968,Malta,0,0,0,0,1,1,1,0
1968,Monaco,0,0,0,0,2,1,1,0
1968,Morocco,0,0,0,0,25,14,4,0
1968,Myanmar,0,0,0,0,4,3,2,0
1968,Nicaragua,0,0,0,0,11,15,3,0
1968,Niger,0,0,0,0,2,2,1,0
1968,Nigeria,0,0,0,0,36,18,3,0
1968,Panama,0,0,0,0,16,5,3,0
1968,Paraguay,0,0,0,0,1,1,1,0
1968,Peru,0,0,0,0,28,21,8,0
1968,Philippines,0,0,0,0,49,53,10,0
1968,Portugal,0,0,0,0,20,24,6,0
1968,Puerto Rico,0,0,0,0,58,54,10,0
1968,San Marino,0,0,0,0,4,2,2,0
1968,Senegal,0,0,0,0,21,9,2,0
1968,Sierra Leone,0,0,0,0,3,4,2,0
1968,Singapore,0,0,0,0,4,6,3,0
1968,Spain,0,0,0,0,122,50,12,0
1968,Sri Lanka,0,0,0,0,3,3,3,0
1968,Sudan,0,0,0,0,5,7,2,0
1968,Suriname,0,0,0,0,1,1,1,0
1968,Syria,0,0,0,0,2,2,1,0
1968,Tanzania,0,0,0,0,4,5,2,0
1968,Thailand,0,0,0,0,41,18,6,0
1968,Trinidad,0,0,0,0,19,14,5,0
1968,Uruguay,0,0,0,0,27,31,8,0
1968,Vietnam,0,0,0,0,9,7,5,0
1968,"Virgin Islands, US",0,0,0,0,6,5,3,0
1968,Zambia,0,0,0,0,7,5,2,0
1972,Germany,106,33,34,39,721,189,23,1
1972,Russia,99,50,27,22,371,180,22,0
1972,USA,94,33,31,30,400,185,21,0
1972,Hungary,35,6,13,16,226,134,20,0
1972,Japan,29,13,8,8,184,113,21,0
1972,Bulgaria,21,6,10,5,130,92,15,0
1972,Poland,21,7,5,9,290,150,22,0
1972,Italy,18,5,3,10,224,123,19,0
1972,UK,18,4,5,9,284,159,18,0
1972,Australia,17,8,7,2,168,110,20,0
1972,Romania,16,3,6,7,159,102,16,0
1972,Sweden,16,4,6,6,131,90,18,0
1972,France,13,2,4,7,227,132,18,0
1972,Kenya,9,2,3,4,57,29,4,0
1972,Cuba,8,3,1,4,137,69,14,0
1972,Czech Republic,8,2,4,2,181,93,17,0
1972,Finland,8,3,1,4,96,75,16,0
1972,Canada,5,0,2,3,208,136,18,0
1972,Netherlands,5,3,1,1,119,72,16,0
1972,North Korea,5,1,1,3,37,23,10,0
1972,Serbia,5,2,1,2,126,73,15,0
1972,Norway,4,2,1,1,112,70,15,0
1972,Austria,3,0,1,2,111,68,15,0
1972,Colombia,3,0,1,2,59,39,8,0
1972,Iran,3,0,2,1,48,33,7,0
1972,New Zealand,3,1,1,1,89,63,14,0
1972,Switzerland,3,0,3,0,151,116,17,0
1972,Belgium,2,0,2,0,88,51,14,0
1972,Brazil,2,0,0,2,81,44,13,0
1972,Ethiopia,2,0,0,2,31,20,3,0
1972,Greece,2,0,2,0,60,46,9,0
1972,Uganda,2,1,1,0,33,19,3,0
1972,Argentina,1,0,1,0,92,62,12,0
1972,Denmark,1,1,0,0,126,73,17,0
1972,Ghana,1,0,0,1,35,17,3,0
1972,India,1,0,0,1,41,27,7,0
1972,Jamaica,1,0,0,1,33,27,6,0
1972,Lebanon,1,0,1,0,19,23,9,0
1972,Mexico,1,0,1,0,174,112,20,0
1972,Mongolia,1,0,1,0,39,39,7,0
1972,Niger,1,0,0,1,4,4,1,0
1972,Nigeria,1,0,0,1,25,24,2,0
1972,Pakistan,1,0,1,0,25,12,5,0
1972,South Korea,1,0,1,0,42,24,8,0
1972,Spain,1,0,0,1,123,59,17,0
1972,Tunisia,1,0,1,0,35,11,5,0
1972,Turkey,1,0,1,0,43,43,8,0
1972,Afghanistan,0,0,0,0,8,8,1,0
1972,Albania,0,0,0,0,5,3,2,0
1972,Algeria,0,0,0,0,5,5,2,0
1972,Bahamas,0,0,0,0,20,13,4,0
1972,Barbados,0,0,0,0,13,13,4,0
1972,Belize,0,0,0,0,1,2,1,0
1972,Benin,0,0,0,0,3,3,2,0
1972,Bermuda,0,0,0,0,9,4,3,0
1972,Boliva,0,0,0,0,11,9,3,0
1972,Burkina Faso,0,0,0,0,1,1,1,0
1972,Cambodia,0,0,0,0,9,14,3,0
1972,Cameroon,0,0,0,0,11,12,3,0
1972,Chad,0,0,0,0,4,4,2,0
1972,Chile,0,0,0,0,11,9,5,0
1972,China,0,0,0,0,10,13,5,0
1972,Costa Rica,0,0,0,0,3,4,3,0
1972,Curacao,0,0,0,0,2,2,2,0
1972,Dominican Republic,0,0,0,0,5,4,3,0
1972,Ecuador,0,0,0,0,2,4,2,0
1972,Egypt,0,0,0,0,23,16,5,0
1972,El Salvador,0,0,0,0,11,12,2,0
1972,Fiji,0,0,0,0,2,4,1,0
1972,Gabon,0,0,0,0,1,1,1,0
1972,Guatemala,0,0,0,0,8,10,3,0
1972,Guyana,0,0,0,0,3,4,2,0
1972,Haiti,0,0,0,0,7,7,1,0
1972,Iceland,0,0,0,0,25,16,4,0
1972,Indonesia,0,0,0,0,6,7,5,0
1972,Ireland,0,0,0,0,59,54,12,0
1972,Israel,0,0,0,0,14,14,7,0
1972,Ivory Coast,0,0,0,0,11,7,2,0
1972,Kuwait,0,0,0,0,4,4,2,0
1972,Lesotho,0,0,0,0,1,2,1,0
1972,Liberia,0,0,0,0,5,5,1,0
1972,Liechtenstein,0,0,0,0,6,11,4,0
1972,Luxembourg,0,0,0,0,11,8,5,0
1972,Madagascar,0,0,0,0,11,10,2,0
1972,Malawi,0,0,0,0,16,17,3,0
1972,Malaysia,0,0,0,0,45,20,6,0
1972,Mali,0,0,0,0,3,3,2,0
1972,Malta,0,0,0,0,5,2,2,0
1972,Monaco,0,0,0,0,5,4,2,0
1972,Morocco,0,0,0,0,35,19,5,0
1972,Myanmar,0,0,0,0,17,7,4,0
1972,Nepal,0,0,0,0,2,1,1,0
1972,Nicaragua,0,0,0,0,8,10,3,0
1972,Panama,0,0,0,0,7,8,4,0
1972,Paraguay,0,0,0,0,3,3,2,0
1972,Peru,0,0,0,0,20,25,7,0
1972,Philippines,0,0,0,0,53,47,11,0
1972,Portugal,0,0,0,0,29,28,8,0
1972,Puerto Rico,0,0,0,0,53,37,10,0
1972,Republic of Congo,0,0,0,0,6,5,1,0
1972,San Marino,0,0,0,0,7,4,2,0
1972,Saudi Arabia,0,0,0,0,10,11,1,0
1972,Senegal,0,0,0,0,38,23,5,0
1972,Singapore,0,0,0,0,7,12,3,0
1972,Somalia,0,0,0,0,3,4,1,0
1972,Sri Lanka,0,0,0,0,4,6,2,0
1972,Sudan,0,0,0,0,26,15,4,0
1972,Suriname,0,0,0,0,2,3,2,0
1972,Swaziland,0,0,0,0,2,4,2,0
1972,Syria,0,0,0,0,5,4,3,0
1972,Taiwan,0,0,0,0,21,41,10,0
1972,Tanzania,0,0,0,0,15,16,2,0
1972,Thailand,0,0,0,0,33,21,7,0
1972,Togo,0,0,0,0,7,5,3,0
1972,Trinidad,0,0,0,0,19,16,4,0
1972,Uruguay,0,0,0,0,13,12,5,0
1972,Venezuela,0,0,0,0,23,27,4,0
1972,Vietnam,0,0,0,0,2,1,1,0
1972,"Virgin Islands, US",0,0,0,0,16,9,4,0
1972,Zambia,0,0,0,0,11,12,2,0
1976,Germany,129,50,37,42,557,187,22,0
1976,Russia,125,49,41,35,410,189,22,0
1976,USA,94,34,35,25,396,189,19,0
1976,Romania,27,4,9,14,157,92,11,0
1976,Poland,26,7,6,13,207,116,18,0
1976,Japan,25,9,6,10,213,119,20,0
1976,Bulgaria,22,6,9,7,156,108,14,0
1976,Hungary,22,4,5,13,177,109,17,0
1976,Cuba,13,6,4,3,156,76,14,0
1976,Italy,13,2,7,4,210,122,20,0
1976,UK,13,3,5,5,242,148,17,0
1976,Canada,11,0,5,6,385,173,23,1
1976,France,9,2,3,4,206,128,18,0
1976,Czech Republic,8,2,2,4,163,79,16,0
1976,Serbia,8,2,3,3,88,52,14,0
1976,Belgium,6,0,3,3,101,80,16,0
1976,Finland,6,4,2,0,83,63,14,0
1976,South Korea,6,1,1,4,50,27,5,0
1976,Australia,5,0,1,4,180,115,20,0
1976,Netherlands,5,0,2,3,108,58,11,0
1976,Sweden,5,4,1,0,116,90,16,0
1976,New Zealand,4,2,1,1,80,52,13,0
1976,Switzerland,4,1,1,2,50,41,12,0
1976,Denmark,3,1,0,2,66,40,15,0
1976,Brazil,2,0,0,2,79,47,12,0
1976,Iran,2,0,1,1,84,50,9,0
1976,Jamaica,2,1,1,0,20,18,3,0
1976,Mexico,2,1,0,1,97,54,17,0
1976,North Korea,2,1,1,0,38,21,8,0
1976,Norway,2,1,1,0,66,44,11,0
1976,Portugal,2,0,2,0,19,27,6,0
1976,Spain,2,0,2,0,113,68,14,0
1976,Austria,1,0,0,1,60,44,15,0
1976,Bermuda,1,0,0,1,16,12,3,0
1976,Mongolia,1,0,1,0,32,29,5,0
1976,Pakistan,1,0,0,1,24,9,5,0
1976,Puerto Rico,1,0,0,1,80,74,12,0
1976,Thailand,1,0,0,1,42,33,11,0
1976,Trinidad,1,1,0,0,13,10,3,0
1976,Venezuela,1,0,1,0,32,35,6,0
1976,Andorra,0,0,0,0,3,2,2,0
1976,Antigua,0,0,0,0,10,11,2,0
1976,Argentina,0,0,0,0,69,50,12,0
1976,Bahamas,0,0,0,0,11,13,3,0
1976,Barbados,0,0,0,0,11,11,2,0
1976,Belize,0,0,0,0,4,4,2,0
1976,Boliva,0,0,0,0,4,5,4,0
1976,Cameroon,0,0,0,0,4,1,1,0
1976,Cayman Islands,0,0,0,0,2,1,1,0
1976,Chile,0,0,0,0,7,8,4,0
1976,China,0,0,0,0,25,27,6,0
1976,Colombia,0,0,0,0,35,30,7,0
1976,Costa Rica,0,0,0,0,5,9,4,0
1976,Curacao,0,0,0,0,4,4,2,0
1976,Dominican Republic,0,0,0,0,10,10,3,0
1976,Ecuador,0,0,0,0,5,8,4,0
1976,Egypt,0,0,0,0,26,7,4,0
1976,Fiji,0,0,0,0,2,5,1,0
1976,Greece,0,0,0,0,36,34,8,0
1976,Guatemala,0,0,0,0,28,8,5,0
1976,Haiti,0,0,0,0,13,14,2,0
1976,Honduras,0,0,0,0,3,2,1,0
1976,Iceland,0,0,0,0,13,22,4,0
1976,India,0,0,0,0,26,10,5,0
1976,Indonesia,0,0,0,0,7,11,5,0
1976,Ireland,0,0,0,0,44,34,10,0
1976,Israel,0,0,0,0,26,19,10,0
1976,Ivory Coast,0,0,0,0,8,8,1,0
1976,Kuwait,0,0,0,0,15,13,4,0
1976,Lebanon,0,0,0,0,3,4,3,0
1976,Liechtenstein,0,0,0,0,6,9,2,0
1976,Luxembourg,0,0,0,0,8,7,4,0
1976,Malaysia,0,0,0,0,23,9,5,0
1976,Monaco,0,0,0,0,8,6,3,0
1976,Morocco,0,0,0,0,9,9,2,0
1976,Nepal,0,0,0,0,1,1,1,0
1976,Nicaragua,0,0,0,0,15,19,6,0
1976,Panama,0,0,0,0,8,13,5,0
1976,Papua New Guinea,0,0,0,0,6,8,3,0
1976,Paraguay,0,0,0,0,4,6,4,0
1976,Peru,0,0,0,0,13,3,2,0
1976,Philippines,0,0,0,0,14,21,6,0
1976,San Marino,0,0,0,0,10,7,3,0
1976,Saudi Arabia,0,0,0,0,14,13,1,0
1976,Senegal,0,0,0,0,21,27,4,0
1976,Singapore,0,0,0,0,4,4,4,0
1976,Suriname,0,0,0,0,3,4,2,0
1976,Tunisia,0,0,0,0,15,5,3,0
1976,Turkey,0,0,0,0,27,27,8,0
1976,Uruguay,0,0,0,0,9,9,5,0
1976,"Virgin Islands, US",0,0,0,0,21,21,6,0
1980,Russia,195,80,69,46,489,202,23,1
1980,Germany,126,47,37,42,346,167,17,0
1980,Bulgaria,41,8,16,17,270,151,20,0
1980,Hungary,32,7,10,15,260,151,21,0
1980,Poland,32,3,14,15,306,162,21,0
1980,Romania,25,6,6,13,226,135,20,0
1980,UK,21,5,7,9,219,145,14,0
1980,Cuba,20,8,7,5,208,92,19,0
1980,Italy,15,8,3,4,159,88,19,0
1980,Czech Republic,14,2,3,9,209,114,21,0
1980,France,14,6,5,3,121,85,13,0
1980,Sweden,12,3,3,6,145,102,18,0
1980,Australia,9,2,2,5,120,92,17,0
1980,Serbia,9,2,3,4,164,69,17,0
1980,Finland,8,3,1,4,105,71,16,0
1980,Spain,6,1,3,2,155,75,18,0
1980,Denmark,5,2,1,2,58,30,13,0
1980,North Korea,5,0,3,2,47,40,8,0
1980,Austria,4,1,2,1,83,51,16,0
1980,Brazil,4,2,0,2,106,72,14,0
1980,Ethiopia,4,2,0,2,41,26,3,0
1980,Mexico,4,0,1,3,45,43,12,0
1980,Mongolia,4,0,2,2,43,41,8,0
1980,Greece,3,1,0,2,41,31,8,0
1980,Jamaica,3,0,0,3,18,15,2,0
1980,Netherlands,3,0,1,2,75,56,10,0
1980,Ireland,2,0,1,1,47,38,11,0
1980,Switzerland,2,2,0,0,73,45,10,0
1980,Tanzania,2,0,2,0,41,22,3,0
1980,Belgium,1,1,0,0,59,51,10,0
1980,Guyana,1,0,0,1,8,10,3,0
1980,India,1,1,0,0,71,30,8,0
1980,Lebanon,1,0,0,1,15,16,8,0
1980,Uganda,1,0,1,0,13,12,2,0
1980,Venezuela,1,0,1,0,37,20,7,0
1980,Zimbabwe,1,1,0,0,42,30,10,0
1980,Afghanistan,0,0,0,0,11,11,2,0
1980,Algeria,0,0,0,0,54,28,9,0
1980,Andorra,0,0,0,0,2,1,1,0
1980,Angola,0,0,0,0,11,14,3,0
1980,Benin,0,0,0,0,16,17,2,0
1980,Botswana,0,0,0,0,7,8,1,0
1980,Cameroon,0,0,0,0,25,23,5,0
1980,Colombia,0,0,0,0,23,7,3,0
1980,Costa Rica,0,0,0,0,29,18,5,0
1980,Cyprus,0,0,0,0,14,13,3,0
1980,Dominican Republic,0,0,0,0,6,7,4,0
1980,Ecuador,0,0,0,0,12,13,5,0
1980,Guatemala,0,0,0,0,10,7,5,0
1980,Guinea,0,0,0,0,9,10,3,0
1980,Iceland,0,0,0,0,9,11,3,0
1980,Iraq,0,0,0,0,43,26,5,0
1980,Jordan,0,0,0,0,4,3,1,0
1980,Kuwait,0,0,0,0,56,26,7,0
1980,Laos,0,0,0,0,19,16,3,0
1980,Lesotho,0,0,0,0,5,6,1,0
1980,Libya,0,0,0,0,29,20,5,0
1980,Luxembourg,0,0,0,0,3,4,3,0
1980,Madagascar,0,0,0,0,11,18,4,0
1980,Mali,0,0,0,0,7,7,3,0
1980,Malta,0,0,0,0,8,5,3,0
1980,Mozambique,0,0,0,0,14,16,2,0
1980,Myanmar,0,0,0,0,2,2,2,0
1980,Nepal,0,0,0,0,10,9,3,0
1980,New Zealand,0,0,0,0,4,5,2,0
1980,Nicaragua,0,0,0,0,5,6,3,0
1980,Nigeria,0,0,0,0,44,22,5,0
1980,Peru,0,0,0,0,28,26,5,0
1980,Portugal,0,0,0,0,11,17,6,0
1980,Puerto Rico,0,0,0,0,3,3,1,0
1980,Republic of Congo,0,0,0,0,23,8,3,0
1980,San Marino,0,0,0,0,16,10,5,0
1980,Senegal,0,0,0,0,32,22,4,0
1980,Seychelles,0,0,0,0,11,15,2,0
1980,Sierra Leone,0,0,0,0,14,16,2,0
1980,Sri Lanka,0,0,0,0,4,1,1,0
1980,Syria,0,0,0,0,67,55,7,0
1980,Trinidad,0,0,0,0,9,5,1,0
1980,Vietnam,0,0,0,0,30,31,4,0
1980,Zambia,0,0,0,0,37,25,4,0
1984,USA,173,82,61,30,522,217,25,1
1984,Germany,59,17,19,23,389,194,25,0
1984,Romania,52,19,16,17,124,86,13,0
1984,Canada,44,10,18,16,408,193,23,0
1984,UK,37,5,11,21,337,190,20,0
1984,China,32,15,8,9,262,119,19,0
1984,Italy,32,14,6,12,268,151,23,0
1984,Japan,31,10,7,14,226,147,22,0
1984,France,28,5,7,16,238,139,21,0
1984,Australia,24,4,8,12,242,137,22,0
1984,South Korea,19,6,6,7,174,96,19,0
1984,Sweden,19,2,11,6,174,138,19,0
1984,Serbia,18,7,4,7,139,53,16,0
1984,Netherlands,13,5,2,6,136,74,15,0
1984,Finland,12,4,2,6,86,76,15,0
1984,New Zealand,11,8,1,2,130,76,18,0
1984,Brazil,8,1,5,2,147,82,17,0
1984,Switzerland,8,0,4,4,129,91,18,0
1984,Denmark,6,0,3,3,60,33,11,0
1984,Mexico,6,2,3,1,99,87,18,0
1984,Spain,5,1,2,2,179,104,23,0
1984,Belgium,4,1,1,2,63,48,14,0
1984,Austria,3,1,1,1,102,72,18,0
1984,Jamaica,3,0,1,2,45,35,5,0
1984,Kenya,3,1,0,2,61,33,5,0
1984,Norway,3,0,1,2,103,76,17,0
1984,Portugal,3,1,0,2,38,32,11,0
1984,Turkey,3,0,0,3,46,49,10,0
1984,Venezuela,3,0,0,3,26,29,10,0
1984,Algeria,2,0,0,2,33,17,4,0
1984,Greece,2,0,1,1,63,49,11,0
1984,Morocco,2,2,0,0,34,18,6,0
1984,Nigeria,2,0,1,1,32,24,4,0
1984,Puerto Rico,2,0,1,1,51,45,13,0
1984,Cameroon,1,0,0,1,46,32,6,0
1984,Colombia,1,0,1,0,39,34,8,0
1984,Dominican Republic,1,0,0,1,19,20,7,0
1984,Egypt,1,0,1,0,113,74,15,0
1984,Iceland,1,0,0,1,30,17,5,0
1984,Ireland,1,0,1,0,42,35,10,0
1984,Ivory Coast,1,0,1,0,15,14,4,0
1984,Pakistan,1,1,0,0,31,15,5,0
1984,Peru,1,0,1,0,35,29,10,0
1984,Syria,1,0,1,0,9,9,5,0
1984,Taiwan,1,0,0,1,38,40,12,0
1984,Thailand,1,0,1,0,35,25,5,0
1984,Zambia,1,0,0,1,16,18,3,0
1984,Andorra,0,0,0,0,2,1,1,0
1984,Antigua,0,0,0,0,14,17,3,0
1984,Argentina,0,0,0,0,81,70,14,0
1984,Bahamas,0,0,0,0,22,23,4,0
1984,Bahrain,0,0,0,0,10,8,4,0
1984,Bangladesh,0,0,0,0,1,2,1,0
1984,Barbados,0,0,0,0,16,16,6,0
1984,Belize,0,0,0,0,11,7,3,0
1984,Benin,0,0,0,0,3,3,1,0
1984,Bermuda,0,0,0,0,12,10,5,0
1984,Bhutan,0,0,0,0,6,2,1,0
1984,Boliva,0,0,0,0,11,11,6,0
1984,Botswana,0,0,0,0,7,6,2,0
1984,Cayman Islands,0,0,0,0,8,7,2,0
1984,Central African Republic,0,0,0,0,3,3,2,0
1984,Chad,0,0,0,0,3,3,1,0
1984,Chile,0,0,0,0,52,25,8,0
1984,Costa Rica,0,0,0,0,28,16,5,0
1984,Curacao,0,0,0,0,8,10,3,0
1984,Cyprus,0,0,0,0,10,9,4,0
1984,Democratic Republic of the Congo,0,0,0,0,8,9,2,0
1984,Djibouti,0,0,0,0,3,1,1,0
1984,Ecuador,0,0,0,0,11,14,6,0
1984,El Salvador,0,0,0,0,10,15,5,0
1984,Equatorial Guinea,0,0,0,0,4,5,1,0
1984,Fiji,0,0,0,0,14,22,5,0
1984,Gabon,0,0,0,0,4,4,2,0
1984,Gambia,0,0,0,0,10,9,1,0
1984,Ghana,0,0,0,0,21,17,2,0
1984,Grenada,0,0,0,0,6,6,2,0
1984,Guatemala,0,0,0,0,24,40,9,0
1984,Guinea,0,0,0,0,1,1,1,0
1984,Guyana,0,0,0,0,10,12,3,0
1984,Haiti,0,0,0,0,3,2,2,0
1984,Honduras,0,0,0,0,10,20,3,0
1984,India,0,0,0,0,47,30,7,0
1984,Indonesia,0,0,0,0,16,16,6,0
1984,Iraq,0,0,0,0,23,11,4,0
1984,Israel,0,0,0,0,32,46,11,0
1984,Jordan,0,0,0,0,13,12,3,0
1984,Kuwait,0,0,0,0,23,17,5,0
1984,Lebanon,0,0,0,0,22,20,9,0
1984,Lesotho,0,0,0,0,4,4,2,0
1984,Liberia,0,0,0,0,7,7,1,0
1984,Liechtenstein,0,0,0,0,7,7,3,0
1984,Luxembourg,0,0,0,0,5,4,3,0
1984,Madagascar,0,0,0,0,5,5,2,0
1984,Malawi,0,0,0,0,15,16,3,0
1984,Malaysia,0,0,0,0,21,12,5,0
1984,Mali,0,0,0,0,4,5,3,0
1984,Malta,0,0,0,0,7,6,5,0
1984,Mauritania,0,0,0,0,2,2,1,0
1984,Mauritius,0,0,0,0,4,7,1,0
1984,Monaco,0,0,0,0,8,7,5,0
1984,Mozambique,0,0,0,0,9,11,2,0
1984,Myanmar,0,0,0,0,1,1,1,0
1984,Nepal,0,0,0,0,10,8,3,0
1984,Nicaragua,0,0,0,0,5,5,2,0
1984,Niger,0,0,0,0,4,4,2,0
1984,Oman,0,0,0,0,16,14,3,0
1984,Panama,0,0,0,0,8,10,5,0
1984,Papua New Guinea,0,0,0,0,7,12,2,0
1984,Paraguay,0,0,0,0,14,15,4,0
1984,Philippines,0,0,0,0,19,28,6,0
1984,Qatar,0,0,0,0,24,8,3,0
1984,Republic of Congo,0,0,0,0,9,10,2,0
1984,Rwanda,0,0,0,0,3,6,1,0
1984,Samoa,0,0,0,0,8,9,3,0
1984,San Marino,0,0,0,0,19,26,7,0
1984,Saudi Arabia,0,0,0,0,37,11,5,0
1984,Senegal,0,0,0,0,24,21,5,0
1984,Seychelles,0,0,0,0,9,15,2,0
1984,Sierra Leone,0,0,0,0,7,6,2,0
1984,Singapore,0,0,0,0,5,7,2,0
1984,Solomon Islands,0,0,0,0,3,3,2,0
1984,Somalia,0,0,0,0,7,6,1,0
1984,Sri Lanka,0,0,0,0,4,5,3,0
1984,Sudan,0,0,0,0,7,9,2,0
1984,Suriname,0,0,0,0,5,7,3,0
1984,Swaziland,0,0,0,0,8,11,4,0
1984,Tanzania,0,0,0,0,18,14,2,0
1984,Togo,0,0,0,0,6,6,2,0
1984,Tonga,0,0,0,0,7,7,1,0
1984,Trinidad,0,0,0,0,16,14,5,0
1984,Tunisia,0,0,0,0,23,17,6,0
1984,Uganda,0,0,0,0,26,24,5,0
1984,United Arab Emirates,0,0,0,0,7,8,1,0
1984,Uruguay,0,0,0,0,18,11,5,0
1984,"Virgin Islands, British",0,0,0,0,9,7,2,0
1984,"Virgin Islands, US",0,0,0,0,29,31,7,0
1984,Yemen,0,0,0,0,2,3,1,0
1984,Zimbabwe,0,0,0,0,15,18,5,0
1988,Germany,142,48,49,45,605,223,26,0
1988,Russia,131,54,31,46,480,221,27,0
1988,USA,94,36,31,27,527,230,27,0
1988,Bulgaria,35,10,12,13,172,120,16,0
1988,South Korea,33,12,10,11,399,218,27,1
1988,China,28,5,11,12,319,158,25,0
1988,Romania,24,7,11,6,68,59,10,0
1988,UK,24,5,10,9,345,191,22,0
1988,Hungary,23,11,6,6,188,135,20,0
1988,France,16,6,4,6,266,167,23,0
1988,Poland,16,2,5,9,143,105,19,0
1988,Australia,14,3,6,5,252,145,24,0
1988,Italy,14,6,4,4,253,140,23,0
1988,Japan,14,4,3,7,255,166,23,0
1988,New Zealand,13,3,2,8,83,58,16,0
1988,Serbia,12,3,4,5,155,72,18,0
1988,Sweden,11,0,4,7,185,113,23,0
1988,Canada,10,3,2,5,328,193,23,0
1988,Kenya,9,5,2,2,74,50,7,0
1988,Netherlands,9,2,2,5,147,86,17,0
1988,Czech Republic,8,3,3,2,163,97,17,0
1988,Brazil,6,1,2,3,160,106,21,0
1988,Norway,5,2,3,0,69,42,11,0
1988,Denmark,4,2,1,1,78,73,15,0
1988,Finland,4,1,1,2,78,66,15,0
1988,Spain,4,1,1,2,229,130,24,0
1988,Switzerland,4,0,2,2,99,83,17,0
1988,Morocco,3,1,0,2,27,25,4,0
1988,Argentina,2,0,1,1,118,53,18,0
1988,Belgium,2,0,0,2,59,65,16,0
1988,Jamaica,2,0,2,0,35,22,5,0
1988,Mexico,2,0,0,2,83,82,17,0
1988,Turkey,2,1,1,0,41,40,9,0
1988,Austria,1,1,0,0,73,62,17,0
1988,Chile,1,0,1,0,17,14,6,0
1988,Colombia,1,0,0,1,40,34,10,0
1988,Costa Rica,1,0,1,0,16,18,6,0
1988,Curacao,1,0,1,0,3,4,3,0
1988,Djibouti,1,0,0,1,6,5,2,0
1988,Greece,1,0,0,1,56,43,12,0
1988,Indonesia,1,0,1,0,29,32,11,0
1988,Iran,1,0,1,0,23,21,3,0
1988,Mongolia,1,0,0,1,28,28,5,0
1988,Pakistan,1,0,0,1,30,15,6,0
1988,Peru,1,0,1,0,21,15,7,0
1988,Philippines,1,0,0,1,31,40,11,0
1988,Portugal,1,1,0,0,65,59,14,0
1988,Senegal,1,0,1,0,23,23,4,0
1988,Suriname,1,1,0,0,6,10,4,0
1988,Thailand,1,0,0,1,14,12,4,0
1988,"Virgin Islands, US",1,0,1,0,22,27,6,0
1988,Afghanistan,0,0,0,0,5,5,1,0
1988,Algeria,0,0,0,0,42,29,7,0
1988,American Samoa,0,0,0,0,6,6,4,0
1988,Andorra,0,0,0,0,3,3,2,0
1988,Angola,0,0,0,0,24,27,4,0
1988,Antigua,0,0,0,0,15,19,4,0
1988,Aruba,0,0,0,0,8,10,5,0
1988,Bahamas,0,0,0,0,16,15,5,0
1988,Bahrain,0,0,0,0,7,7,3,0
1988,Bangladesh,0,0,0,0,6,8,2,0
1988,Barbados,0,0,0,0,17,20,7,0
1988,Belize,0,0,0,0,10,7,2,0
1988,Benin,0,0,0,0,7,7,2,0
1988,Bermuda,0,0,0,0,12,12,6,0
1988,Bhutan,0,0,0,0,3,2,1,0
1988,Boliva,0,0,0,0,7,12,6,0
1988,Botswana,0,0,0,0,8,8,2,0
1988,Burkina Faso,0,0,0,0,6,7,2,0
1988,Cameroon,0,0,0,0,15,21,4,0
1988,Cayman Islands,0,0,0,0,8,7,2,0
1988,Central African Republic,0,0,0,0,15,4,3,0
1988,Chad,0,0,0,0,6,6,1,0
1988,Cook Islands,0,0,0,0,7,8,3,0
1988,Cyprus,0,0,0,0,9,10,4,0
1988,Democratic Republic of the Congo,0,0,0,0,15,15,3,0
1988,Dominican Republic,0,0,0,0,16,15,5,0
1988,Ecuador,0,0,0,0,13,15,6,0
1988,Egypt,0,0,0,0,49,36,12,0
1988,El Salvador,0,0,0,0,6,7,4,0
1988,Equatorial Guinea,0,0,0,0,6,7,1,0
1988,Fiji,0,0,0,0,23,31,5,0
1988,Gabon,0,0,0,0,2,2,2,0
1988,Gambia,0,0,0,0,6,6,2,0
1988,Ghana,0,0,0,0,16,13,3,0
1988,Grenada,0,0,0,0,6,7,2,0
1988,Guam,0,0,0,0,19,22,7,0
1988,Guatemala,0,0,0,0,28,16,8,0
1988,Guinea,0,0,0,0,6,7,3,0
1988,Guyana,0,0,0,0,8,8,3,0
1988,Haiti,0,0,0,0,4,5,2,0
1988,Honduras,0,0,0,0,8,15,3,0
1988,Iceland,0,0,0,0,32,25,5,0
1988,India,0,0,0,0,46,27,11,0
1988,Iraq,0,0,0,0,27,13,5,0
1988,Ireland,0,0,0,0,61,47,12,0
1988,Israel,0,0,0,0,18,20,8,0
1988,Ivory Coast,0,0,0,0,28,10,5,0
1988,Jordan,0,0,0,0,7,9,5,0
1988,Kuwait,0,0,0,0,25,24,7,0
1988,Laos,0,0,0,0,3,3,2,0
1988,Lebanon,0,0,0,0,21,28,8,0
1988,Lesotho,0,0,0,0,6,5,2,0
1988,Liberia,0,0,0,0,8,10,2,0
1988,Libya,0,0,0,0,6,5,3,0
1988,Liechtenstein,0,0,0,0,12,15,5,0
1988,Luxembourg,0,0,0,0,8,11,4,0
1988,Malawi,0,0,0,0,16,16,3,0
1988,Malaysia,0,0,0,0,9,15,5,0
1988,Maldives,0,0,0,0,7,5,1,0
1988,Mali,0,0,0,0,6,8,3,0
1988,Malta,0,0,0,0,6,6,4,0
1988,Mauritania,0,0,0,0,6,7,2,0
1988,Mauritius,0,0,0,0,8,9,5,0
1988,Monaco,0,0,0,0,9,9,7,0
1988,Mozambique,0,0,0,0,8,12,3,0
1988,Myanmar,0,0,0,0,2,3,1,0
1988,Nepal,0,0,0,0,16,17,5,0
1988,Niger,0,0,0,0,6,4,2,0
1988,Nigeria,0,0,0,0,69,44,8,0
1988,Oman,0,0,0,0,8,9,3,0
1988,Panama,0,0,0,0,6,9,3,0
1988,Papua New Guinea,0,0,0,0,11,15,4,0
1988,Paraguay,0,0,0,0,10,11,5,0
1988,Puerto Rico,0,0,0,0,47,44,12,0
1988,Qatar,0,0,0,0,10,10,3,0
1988,Republic of Congo,0,0,0,0,7,7,1,0
1988,Rwanda,0,0,0,0,6,7,1,0
1988,Saint Vincent,0,0,0,0,6,6,1,0
1988,Samoa,0,0,0,0,11,11,4,0
1988,San Marino,0,0,0,0,11,12,6,0
1988,Saudi Arabia,0,0,0,0,9,12,3,0
1988,Sierra Leone,0,0,0,0,12,14,4,0
1988,Singapore,0,0,0,0,8,16,3,0
1988,Solomon Islands,0,0,0,0,4,5,4,0
1988,Somalia,0,0,0,0,5,4,1,0
1988,Sri Lanka,0,0,0,0,6,9,3,0
1988,Sudan,0,0,0,0,8,8,2,0
1988,Swaziland,0,0,0,0,11,11,4,0
1988,Syria,0,0,0,0,13,13,4,0
1988,Taiwan,0,0,0,0,61,84,13,0
1988,Tanzania,0,0,0,0,10,9,2,0
1988,Togo,0,0,0,0,6,6,2,0
1988,Tonga,0,0,0,0,5,7,2,0
1988,Trinidad,0,0,0,0,6,9,3,0
1988,Tunisia,0,0,0,0,41,14,6,0
1988,Uganda,0,0,0,0,24,22,3,0
1988,United Arab Emirates,0,0,0,0,12,15,2,0
1988,Uruguay,0,0,0,0,15,14,8,0
1988,Vanuatu,0,0,0,0,4,6,2,0
1988,Venezuela,0,0,0,0,17,15,7,0
1988,Vietnam,0,0,0,0,9,12,6,0
1988,"Virgin Islands, British",0,0,0,0,3,4,2,0
1988,Yemen,0,0,0,0,13,12,4,0
1988,Zambia,0,0,0,0,29,11,3,0
1988,Zimbabwe,0,0,0,0,29,38,10,0
1992,Russia,112,45,38,29,475,234,27,0
1992,USA,108,37,34,37,545,248,28,0
1992,Germany,82,33,21,28,463,237,26,0
1992,China,53,16,22,15,281,158,23,0
1992,Cuba,31,14,6,11,176,90,16,0
1992,Hungary,30,11,12,7,215,156,23,0
1992,France,29,8,5,16,339,196,25,0
1992,South Korea,28,12,5,11,225,134,24,0
1992,Australia,27,7,9,11,279,153,25,0
1992,Japan,22,3,8,11,256,166,24,0
1992,Spain,22,13,7,2,422,195,29,1
1992,UK,20,5,3,12,371,203,23,0
1992,Italy,19,6,5,8,304,169,26,0
1992,Poland,19,3,6,10,201,136,21,0
1992,Canada,18,7,4,7,295,199,24,0
1992,Romania,18,4,6,8,173,128,18,0
1992,Bulgaria,16,3,7,6,138,116,19,0
1992,Netherlands,15,2,6,7,201,105,20,0
1992,Sweden,12,1,7,4,187,121,22,0
1992,New Zealand,10,1,4,5,134,87,17,0
1992,North Korea,9,4,0,5,64,53,12,0
1992,Kenya,8,2,4,2,49,29,5,0
1992,Czech Republic,7,4,2,1,208,121,25,0
1992,Norway,7,2,4,1,83,64,17,0
1992,Denmark,6,1,1,4,110,67,14,0
1992,Turkey,6,2,2,2,41,43,10,0
1992,Finland,5,1,2,2,88,85,16,0
1992,Indonesia,5,2,2,1,42,31,10,0
1992,Jamaica,4,0,3,1,36,23,5,0
1992,Nigeria,4,0,3,1,55,34,8,0
1992,Belgium,3,0,1,2,68,70,18,0
1992,Brazil,3,2,1,0,182,107,23,0
1992,Croatia,3,0,1,2,39,23,11,0
1992,Ethiopia,3,1,0,2,20,11,2,0
1992,Individual Olympic Athletes,3,0,1,2,58,54,13,0
1992,Iran,3,0,1,2,36,36,6,0
1992,Latvia,3,0,2,1,34,31,13,0
1992,Morocco,3,1,1,1,44,24,7,0
1992,Algeria,2,1,0,1,35,27,7,0
1992,Austria,2,0,2,0,102,68,17,0
1992,Estonia,2,1,0,1,37,35,13,0
1992,Greece,2,2,0,0,70,53,17,0
1992,Ireland,2,1,1,0,58,47,12,0
1992,Israel,2,0,1,1,30,42,10,0
1992,Lithuania,2,1,0,1,47,31,11,0
1992,Mongolia,2,0,0,2,33,31,8,0
1992,Namibia,2,0,2,0,6,9,3,0
1992,Slovenia,2,0,0,2,35,34,12,0
1992,South Africa,2,0,2,0,93,87,19,0
1992,Argentina,1,0,0,1,84,68,17,0
1992,Bahamas,1,0,0,1,14,13,4,0
1992,Colombia,1,0,0,1,49,31,11,0
1992,Ghana,1,0,0,1,34,13,4,0
1992,Malaysia,1,0,0,1,26,11,6,0
1992,Mexico,1,0,1,0,102,71,18,0
1992,Pakistan,1,0,0,1,27,12,5,0
1992,Peru,1,0,1,0,16,18,9,0
1992,Philippines,1,0,0,1,26,29,9,0
1992,Puerto Rico,1,0,0,1,71,57,12,0
1992,Qatar,1,0,0,1,28,11,2,0
1992,Suriname,1,0,0,1,6,7,3,0
1992,Switzerland,1,1,0,0,102,80,17,0
1992,Taiwan,1,0,1,0,31,15,7,0
1992,Thailand,1,0,0,1,46,47,9,0
1992,Albania,0,0,0,0,7,8,4,0
1992,American Samoa,0,0,0,0,3,3,2,0
1992,Andorra,0,0,0,0,8,5,5,0
1992,Angola,0,0,0,0,28,21,6,0
1992,Antigua,0,0,0,0,13,15,3,0
1992,Aruba,0,0,0,0,5,4,3,0
1992,Bahrain,0,0,0,0,10,10,2,0
1992,Bangladesh,0,0,0,0,6,6,3,0
1992,Barbados,0,0,0,0,17,17,5,0
1992,Belize,0,0,0,0,10,10,2,0
1992,Benin,0,0,0,0,6,6,2,0
1992,Bermuda,0,0,0,0,20,20,4,0
1992,Bhutan,0,0,0,0,6,4,1,0
1992,Boliva,0,0,0,0,13,18,6,0
1992,Bosnia and Herzegovina,0,0,0,0,10,13,6,0
1992,Botswana,0,0,0,0,6,6,2,0
1992,Burkina Faso,0,0,0,0,4,4,2,0
1992,Cameroon,0,0,0,0,8,9,2,0
1992,Cayman Islands,0,0,0,0,10,7,3,0
1992,Central African Republic,0,0,0,0,15,16,3,0
1992,Chad,0,0,0,0,6,7,2,0
1992,Chile,0,0,0,0,12,12,7,0
1992,Cook Islands,0,0,0,0,2,2,2,0
1992,Costa Rica,0,0,0,0,16,18,6,0
1992,Curacao,0,0,0,0,4,4,3,0
1992,Cyprus,0,0,0,0,17,17,8,0
1992,Democratic Republic of the Congo,0,0,0,0,17,14,4,0
1992,Djibouti,0,0,0,0,8,7,3,0
1992,Dominican Republic,0,0,0,0,32,13,5,0
1992,Ecuador,0,0,0,0,13,15,6,0
1992,Egypt,0,0,0,0,75,32,13,0
1992,El Salvador,0,0,0,0,4,6,3,0
1992,Equatorial Guinea,0,0,0,0,7,8,1,0
1992,Fiji,0,0,0,0,18,32,4,0
1992,Gabon,0,0,0,0,5,5,3,0
1992,Gambia,0,0,0,0,5,5,1,0
1992,Grenada,0,0,0,0,4,5,1,0
1992,Guam,0,0,0,0,22,27,8,0
1992,Guatemala,0,0,0,0,14,27,7,0
1992,Guinea,0,0,0,0,8,11,2,0
1992,Guyana,0,0,0,0,6,7,3,0
1992,Haiti,0,0,0,0,7,8,2,0
1992,Honduras,0,0,0,0,10,25,4,0
1992,Iceland,0,0,0,0,27,15,6,0
1992,India,0,0,0,0,52,36,12,0
1992,Iraq,0,0,0,0,8,8,3,0
1992,Ivory Coast,0,0,0,0,13,11,3,0
1992,Jordan,0,0,0,0,4,5,3,0
1992,Kuwait,0,0,0,0,32,18,7,0
1992,Laos,0,0,0,0,6,7,2,0
1992,Lebanon,0,0,0,0,12,15,7,0
1992,Lesotho,0,0,0,0,6,8,1,0
1992,Libya,0,0,0,0,5,5,4,0
1992,Liechtenstein,0,0,0,0,7,8,4,0
1992,Luxembourg,0,0,0,0,6,8,4,0
1992,Madagascar,0,0,0,0,13,15,6,0
1992,Malawi,0,0,0,0,4,4,1,0
1992,Maldives,0,0,0,0,7,8,2,0
1992,Mali,0,0,0,0,5,6,2,0
1992,Malta,0,0,0,0,6,8,4,0
1992,Mauritania,0,0,0,0,6,6,1,0
1992,Mauritius,0,0,0,0,13,17,4,0
1992,Monaco,0,0,0,0,2,4,2,0
1992,Mozambique,0,0,0,0,6,7,2,0
1992,Myanmar,0,0,0,0,4,5,2,0
1992,Nepal,0,0,0,0,2,2,2,0
1992,Nicaragua,0,0,0,0,8,9,6,0
1992,Niger,0,0,0,0,3,3,1,0
1992,Oman,0,0,0,0,5,5,2,0
1992,Panama,0,0,0,0,5,7,4,0
1992,Papua New Guinea,0,0,0,0,13,16,4,0
1992,Paraguay,0,0,0,0,27,12,6,0
1992,Portugal,0,0,0,0,90,71,14,0
1992,Republic of Congo,0,0,0,0,7,7,2,0
1992,Rwanda,0,0,0,0,10,8,2,0
1992,Saint Vincent,0,0,0,0,6,5,1,0
1992,Samoa,0,0,0,0,5,5,2,0
1992,San Marino,0,0,0,0,17,15,7,0
1992,Saudi Arabia,0,0,0,0,9,13,5,0
1992,Senegal,0,0,0,0,20,20,4,0
1992,Seychelles,0,0,0,0,11,18,4,0
1992,Sierra Leone,0,0,0,0,11,12,1,0
1992,Singapore,0,0,0,0,14,26,6,0
1992,Solomon Islands,0,0,0,0,1,1,1,0
1992,Sri Lanka,0,0,0,0,11,16,5,0
1992,Sudan,0,0,0,0,6,7,3,0
1992,Swaziland,0,0,0,0,6,10,2,0
1992,Syria,0,0,0,0,8,9,4,0
1992,Tanzania,0,0,0,0,9,7,2,0
1992,Togo,0,0,0,0,6,5,2,0
1992,Tonga,0,0,0,0,5,5,2,0
1992,Trinidad,0,0,0,0,7,7,2,0
1992,Tunisia,0,0,0,0,13,13,7,0
1992,Uganda,0,0,0,0,8,9,3,0
1992,United Arab Emirates,0,0,0,0,13,19,3,0
1992,Uruguay,0,0,0,0,16,15,11,0
1992,Vanuatu,0,0,0,0,6,8,1,0
1992,Venezuela,0,0,0,0,26,16,8,0
1992,Vietnam,0,0,0,0,7,10,3,0
1992,"Virgin Islands, British",0,0,0,0,4,2,2,0
1992,"Virgin Islands, US",0,0,0,0,25,29,7,0
1992,Yemen,0,0,0,0,8,8,2,0
1992,Zambia,0,0,0,0,9,11,3,0
1992,Zimbabwe,0,0,0,0,19,22,6,0
1996,USA,101,44,32,25,648,263,31,1
1996,Germany,65,20,18,27,464,234,26,0
1996,Russia,63,26,21,16,390,212,25,0
1996,China,51,17,22,12,312,163,25,0
1996,Australia,41,9,9,23,417,211,26,0
1996,France,37,15,7,15,299,183,25,0
1996,Italy,35,13,10,12,340,172,27,0
1996,South Korea,27,7,15,5,299,160,25,0
1996,Cuba,25,9,8,8,164,84,15,0
1996,Ukraine,23,9,2,12,231,148,21,0
1996,Canada,22,3,11,8,303,189,25,0
1996,Hungary,21,7,4,10,212,145,24,0
1996,Netherlands,19,4,5,10,239,94,19,0
1996,Romania,19,4,7,8,165,122,18,0
1996,Poland,17,7,5,5,165,126,20,0
1996,Spain,17,5,6,6,289,157,22,0
1996,Belarus,15,1,6,8,157,115,19,0
1996,Brazil,15,3,3,9,221,93,18,0
1996,Bulgaria,15,3,7,5,110,89,17,0
1996,UK,15,1,8,6,300,175,22,0
1996,Japan,14,3,6,5,306,168,27,0
1996,Czech Republic,11,4,3,4,115,110,17,0
1996,Kazakhstan,11,3,4,4,96,99,14,0
1996,Greece,8,4,4,0,121,94,18,0
1996,Kenya,8,1,4,3,52,27,5,0
1996,Sweden,8,2,4,2,177,109,22,0
1996,Norway,7,2,2,3,97,65,16,0
1996,Switzerland,7,4,3,0,115,83,17,0
1996,Belgium,6,2,2,2,61,55,14,0
1996,Denmark,6,4,1,1,119,66,14,0
1996,Jamaica,6,1,3,2,46,29,5,0
1996,New Zealand,6,3,2,1,95,81,15,0
1996,Nigeria,6,2,1,3,65,38,9,0
1996,Turkey,6,4,1,1,53,55,9,0
1996,North Korea,5,2,1,2,24,25,9,0
1996,South Africa,5,3,1,1,84,62,14,0
1996,Finland,4,1,2,1,76,74,15,0
1996,Indonesia,4,1,1,2,40,23,11,0
1996,Ireland,4,3,0,1,78,70,13,0
1996,Serbia,4,1,1,2,68,35,13,0
1996,Algeria,3,2,0,1,45,29,9,0
1996,Argentina,3,0,2,1,179,102,20,0
1996,Austria,3,0,1,2,72,53,15,0
1996,Ethiopia,3,2,0,1,18,10,2,0
1996,Iran,3,1,1,1,18,18,6,0
1996,Slovakia,3,1,1,1,71,69,14,0
1996,Armenia,2,1,1,0,32,36,11,0
1996,Croatia,2,1,1,0,84,57,14,0
1996,Georgia,2,0,0,2,34,39,13,0
1996,Malaysia,2,0,1,1,35,21,8,0
1996,Moldova,2,0,1,1,40,41,10,0
1996,Morocco,2,0,0,2,34,28,7,0
1996,Namibia,2,0,2,0,8,10,4,0
1996,Portugal,2,1,0,1,107,79,18,0
1996,Slovenia,2,0,2,0,37,34,8,0
1996,Thailand,2,1,0,1,37,42,10,0
1996,Trinidad,2,0,0,2,12,14,6,0
1996,Uzbekistan,2,0,1,1,71,70,12,0
1996,Azerbaijan,1,0,1,0,23,23,9,0
1996,Bahamas,1,0,1,0,26,17,4,0
1996,Burundi,1,1,0,0,7,6,1,0
1996,Costa Rica,1,1,0,0,11,13,6,0
1996,Ecuador,1,1,0,0,19,18,7,0
1996,India,1,0,0,1,49,31,13,0
1996,Israel,1,0,0,1,25,26,10,0
1996,Latvia,1,0,1,0,47,47,12,0
1996,Lithuania,1,0,0,1,61,49,14,0
1996,Mexico,1,0,0,1,98,57,19,0
1996,Mongolia,1,0,0,1,16,16,7,0
1996,Mozambique,1,0,0,1,3,3,3,0
1996,Philippines,1,0,1,0,12,18,6,0
1996,Puerto Rico,1,0,0,1,69,60,16,0
1996,Syria,1,1,0,0,7,8,5,0
1996,Taiwan,1,0,1,0,74,63,14,0
1996,Tonga,1,0,1,0,5,5,3,0
1996,Tunisia,1,0,0,1,51,24,9,0
1996,Uganda,1,0,0,1,10,9,4,0
1996,Zambia,1,0,1,0,8,8,2,0
1996,Afghanistan,0,0,0,0,2,2,1,0
1996,Albania,0,0,0,0,7,7,5,0
1996,American Samoa,0,0,0,0,7,6,5,0
1996,Andorra,0,0,0,0,8,7,5,0
1996,Angola,0,0,0,0,28,8,5,0
1996,Antigua,0,0,0,0,13,9,4,0
1996,Aruba,0,0,0,0,3,3,3,0
1996,Bahrain,0,0,0,0,5,3,2,0
1996,Bangladesh,0,0,0,0,4,4,3,0
1996,Barbados,0,0,0,0,13,21,7,0
1996,Belize,0,0,0,0,5,5,2,0
1996,Benin,0,0,0,0,5,4,1,0
1996,Bermuda,0,0,0,0,9,9,4,0
1996,Bhutan,0,0,0,0,2,2,1,0
1996,Boliva,0,0,0,0,8,9,5,0
1996,Bosnia and Herzegovina,0,0,0,0,9,12,7,0
1996,Botswana,0,0,0,0,7,4,2,0
1996,Brunei,0,0,0,0,1,1,1,0
1996,Burkina Faso,0,0,0,0,5,5,2,0
1996,Cambodia,0,0,0,0,5,5,3,0
1996,Cameroon,0,0,0,0,15,13,5,0
1996,Cape Verde,0,0,0,0,3,3,1,0
1996,Cayman Islands,0,0,0,0,9,7,3,0
1996,Central African Republic,0,0,0,0,5,5,1,0
1996,Chad,0,0,0,0,4,4,1,0
1996,Chile,0,0,0,0,21,18,10,0
1996,Colombia,0,0,0,0,48,44,9,0
1996,Comoros,0,0,0,0,4,4,1,0
1996,Cook Islands,0,0,0,0,3,3,3,0
1996,Curacao,0,0,0,0,6,7,5,0
1996,Cyprus,0,0,0,0,17,16,5,0
1996,Democratic Republic of the Congo,0,0,0,0,14,2,2,0
1996,Djibouti,0,0,0,0,5,4,2,0
1996,Dominica,0,0,0,0,6,6,2,0
1996,Dominican Republic,0,0,0,0,16,16,7,0
1996,Egypt,0,0,0,0,29,17,8,0
1996,El Salvador,0,0,0,0,8,10,5,0
1996,Equatorial Guinea,0,0,0,0,5,5,1,0
1996,Estonia,0,0,0,0,43,36,13,0
1996,Fiji,0,0,0,0,17,14,5,0
1996,Gabon,0,0,0,0,7,6,3,0
1996,Gambia,0,0,0,0,9,6,1,0
1996,Ghana,0,0,0,0,35,15,4,0
1996,Grenada,0,0,0,0,5,2,1,0
1996,Guam,0,0,0,0,8,9,4,0
1996,Guatemala,0,0,0,0,26,20,11,0
1996,Guinea,0,0,0,0,5,5,2,0
1996,Guinea-Bissau,0,0,0,0,3,3,2,0
1996,Guyana,0,0,0,0,7,6,2,0
1996,Haiti,0,0,0,0,7,7,4,0
1996,Honduras,0,0,0,0,7,7,4,0
1996,Iceland,0,0,0,0,9,15,5,0
1996,Iraq,0,0,0,0,3,3,3,0
1996,Ivory Coast,0,0,0,0,11,8,4,0
1996,Jordan,0,0,0,0,5,5,3,0
1996,Kuwait,0,0,0,0,25,16,9,0
1996,Kyrgyzstan,0,0,0,0,33,39,9,0
1996,Laos,0,0,0,0,5,2,1,0
1996,Lebanon,0,0,0,0,1,1,1,0
1996,Lesotho,0,0,0,0,9,5,1,0
1996,Liberia,0,0,0,0,5,3,1,0
1996,Libya,0,0,0,0,5,5,2,0
1996,Liechtenstein,0,0,0,0,2,2,2,0
1996,Luxembourg,0,0,0,0,6,7,5,0
1996,Macedonia,0,0,0,0,11,16,4,0
1996,Madagascar,0,0,0,0,11,10,4,0
1996,Malawi,0,0,0,0,2,2,1,0
1996,Maldives,0,0,0,0,6,6,2,0
1996,Mali,0,0,0,0,3,4,1,0
1996,Malta,0,0,0,0,7,10,5,0
1996,Mauritania,0,0,0,0,4,4,1,0
1996,Mauritius,0,0,0,0,26,23,6,0
1996,Monaco,0,0,0,0,3,4,3,0
1996,Myanmar,0,0,0,0,3,3,2,0
1996,Nauru,0,0,0,0,3,3,1,0
1996,Nepal,0,0,0,0,6,6,4,0
1996,Nicaragua,0,0,0,0,26,9,5,0
1996,Niger,0,0,0,0,3,3,1,0
1996,Oman,0,0,0,0,4,5,4,0
1996,Pakistan,0,0,0,0,24,9,5,0
1996,Palestine,0,0,0,0,1,1,1,0
1996,Panama,0,0,0,0,7,9,6,0
1996,Papua New Guinea,0,0,0,0,11,11,3,0
1996,Paraguay,0,0,0,0,7,7,5,0
1996,Peru,0,0,0,0,29,22,8,0
1996,Qatar,0,0,0,0,12,10,4,0
1996,Republic of Congo,0,0,0,0,5,5,3,0
1996,Rwanda,0,0,0,0,4,4,1,0
1996,Saint Kitts,0,0,0,0,10,5,1,0
1996,Saint Lucia,0,0,0,0,6,5,2,0
1996,Saint Vincent,0,0,0,0,8,6,1,0
1996,Samoa,0,0,0,0,5,5,3,0
1996,San Marino,0,0,0,0,7,7,6,0
1996,Sao Tome and Principe,0,0,0,0,2,2,1,0
1996,Saudi Arabia,0,0,0,0,29,13,5,0
1996,Senegal,0,0,0,0,11,8,3,0
1996,Seychelles,0,0,0,0,9,9,5,0
1996,Sierra Leone,0,0,0,0,14,10,3,0
1996,Singapore,0,0,0,0,14,27,6,0
1996,Solomon Islands,0,0,0,0,4,4,2,0
1996,Somalia,0,0,0,0,4,4,1,0
1996,Sri Lanka,0,0,0,0,9,9,3,0
1996,Sudan,0,0,0,0,4,4,2,0
1996,Suriname,0,0,0,0,7,11,3,0
1996,Swaziland,0,0,0,0,6,5,3,0
1996,Tajikistan,0,0,0,0,8,8,5,0
1996,Tanzania,0,0,0,0,7,5,2,0
1996,Togo,0,0,0,0,5,4,1,0
1996,Turkmenistan,0,0,0,0,7,7,6,0
1996,United Arab Emirates,0,0,0,0,4,4,4,0
1996,Uruguay,0,0,0,0,14,14,8,0
1996,Vanuatu,0,0,0,0,4,4,1,0
1996,Venezuela,0,0,0,0,39,36,12,0
1996,Vietnam,0,0,0,0,6,6,4,0
1996,"Virgin Islands, British",0,0,0,0,7,5,2,0
1996,"Virgin Islands, US",0,0,0,0,12,11,5,0
1996,Yemen,0,0,0,0,4,4,2,0
1996,Zimbabwe,0,0,0,0,13,15,6,0
2000,USA,91,36,24,31,586,265,31,0
2000,Russia,89,32,28,29,435,238,30,0
2000,Australia,58,16,25,17,617,270,34,1
2000,China,58,28,16,14,297,171,28,0
2000,Germany,56,13,17,26,422,234,29,0
2000,France,38,13,14,11,336,196,28,0
2000,Italy,34,13,8,13,361,175,29,0
2000,Cuba,29,11,11,7,229,135,24,0
2000,South Korea,28,8,10,10,279,144,26,0
2000,UK,28,11,10,7,310,179,23,0
2000,Romania,26,11,6,9,145,116,16,0
2000,Netherlands,25,12,9,4,231,95,21,0
2000,Ukraine,23,3,10,10,230,185,23,0
2000,Japan,18,5,8,5,266,156,28,0
2000,Belarus,17,3,3,11,139,109,20,0
2000,Hungary,17,8,6,3,178,137,23,0
2000,Canada,14,3,3,8,294,175,29,0
2000,Poland,14,6,5,3,187,133,20,0
2000,Bulgaria,13,5,6,2,91,85,16,0
2000,Greece,13,4,6,3,140,114,23,0
2000,Brazil,12,0,6,6,198,96,24,0
2000,Sweden,12,4,5,3,150,92,22,0
2000,Spain,11,3,3,5,321,165,27,0
2000,Norway,10,4,3,3,93,54,15,0
2000,Jamaica,9,0,6,3,48,28,4,0
2000,Switzerland,9,1,6,2,102,82,19,0
2000,Czech Republic,8,2,3,3,119,96,20,0
2000,Ethiopia,8,4,1,3,26,11,2,0
2000,Kazakhstan,7,3,4,0,130,104,17,0
2000,Kenya,7,2,3,2,56,24,6,0
2000,Denmark,6,2,3,1,97,55,16,0
2000,Georgia,6,0,0,6,36,41,12,0
2000,Indonesia,6,1,3,2,47,32,12,0
2000,Mexico,6,1,2,3,78,67,19,0
2000,Algeria,5,1,1,3,47,42,10,0
2000,Belgium,5,0,2,3,68,64,16,0
2000,Lithuania,5,2,0,3,61,50,15,0
2000,Morocco,5,0,1,4,55,28,9,0
2000,Slovakia,5,1,3,1,108,63,16,0
2000,South Africa,5,0,2,3,127,68,17,0
2000,Taiwan,5,0,1,4,55,59,14,0
2000,Turkey,5,3,0,2,57,58,10,0
2000,Argentina,4,0,2,2,143,98,21,0
2000,Finland,4,2,1,1,70,64,16,0
2000,Iran,4,3,0,1,33,33,12,0
2000,New Zealand,4,1,0,3,147,95,18,0
2000,North Korea,4,0,1,3,31,34,10,0
2000,Uzbekistan,4,1,1,2,70,69,12,0
2000,Austria,3,2,1,0,92,68,17,0
2000,Azerbaijan,3,2,0,1,31,32,8,0
2000,Bahamas,3,2,0,1,25,18,3,0
2000,Estonia,3,1,0,2,33,29,11,0
2000,Latvia,3,1,1,1,45,47,13,0
2000,Nigeria,3,1,2,0,83,37,8,0
2000,Serbia,3,1,1,1,109,50,14,0
2000,Thailand,3,1,0,2,52,51,11,0
2000,Costa Rica,2,0,0,2,7,9,5,0
2000,Croatia,2,1,0,1,88,53,12,0
2000,Moldova,2,0,1,1,34,34,7,0
2000,Portugal,2,0,0,2,61,50,13,0
2000,Saudi Arabia,2,0,1,1,18,14,5,0
2000,Slovenia,2,2,0,0,74,53,13,0
2000,Trinidad,2,0,1,1,19,18,3,0
2000,Armenia,1,0,0,1,25,26,10,0
2000,Barbados,1,0,0,1,18,21,6,0
2000,Cameroon,1,1,0,0,34,14,4,0
2000,Chile,1,0,0,1,50,28,14,0
2000,Colombia,1,1,0,0,44,45,13,0
2000,Iceland,1,0,0,1,18,28,5,0
2000,India,1,0,0,1,65,38,13,0
2000,Ireland,1,0,1,0,64,52,10,0
2000,Israel,1,0,0,1,39,43,9,0
2000,Kuwait,1,0,0,1,29,10,6,0
2000,Kyrgyzstan,1,0,0,1,48,59,9,0
2000,Macedonia,1,0,0,1,10,15,5,0
2000,Mozambique,1,1,0,0,4,4,2,0
2000,Qatar,1,0,0,1,17,14,5,0
2000,Sri Lanka,1,0,1,0,18,16,4,0
2000,Uruguay,1,0,1,0,15,16,7,0
2000,Vietnam,1,0,1,0,7,7,4,0
2000,Albania,0,0,0,0,4,5,3,0
2000,American Samoa,0,0,0,0,4,4,3,0
2000,Andorra,0,0,0,0,5,5,3,0
2000,Angola,0,0,0,0,30,7,5,0
2000,Antigua,0,0,0,0,3,4,2,0
2000,Aruba,0,0,0,0,5,5,3,0
2000,Bahrain,0,0,0,0,4,4,2,0
2000,Bangladesh,0,0,0,0,5,6,3,0
2000,Belize,0,0,0,0,2,2,1,0
2000,Benin,0,0,0,0,4,4,3,0
2000,Bermuda,0,0,0,0,6,6,4,0
2000,Bhutan,0,0,0,0,2,2,1,0
2000,Boliva,0,0,0,0,5,5,3,0
2000,Bosnia and Herzegovina,0,0,0,0,9,10,4,0
2000,Botswana,0,0,0,0,7,5,2,0
2000,Brunei,0,0,0,0,2,2,2,0
2000,Burkina Faso,0,0,0,0,4,4,3,0
2000,Burundi,0,0,0,0,6,5,1,0
2000,Cambodia,0,0,0,0,4,4,2,0
2000,Cape Verde,0,0,0,0,2,2,1,0
2000,Cayman Islands,0,0,0,0,3,4,2,0
2000,Central African Republic,0,0,0,0,3,3,2,0
2000,Chad,0,0,0,0,2,3,1,0
2000,Comoros,0,0,0,0,2,2,1,0
2000,Cook Islands,0,0,0,0,2,2,2,0
2000,Curacao,0,0,0,0,7,8,6,0
2000,Cyprus,0,0,0,0,22,20,4,0
2000,Democratic Republic of the Congo,0,0,0,0,2,3,1,0
2000,Djibouti,0,0,0,0,2,2,1,0
2000,Dominica,0,0,0,0,4,4,2,0
2000,Dominican Republic,0,0,0,0,13,13,5,0
2000,Ecuador,0,0,0,0,10,11,5,0
2000,Egypt,0,0,0,0,89,64,20,0
2000,El Salvador,0,0,0,0,8,10,7,0
2000,Equatorial Guinea,0,0,0,0,4,4,2,0
2000,Eritrea,0,0,0,0,3,3,1,0
2000,Fiji,0,0,0,0,7,9,5,0
2000,Gabon,0,0,0,0,5,6,3,0
2000,Gambia,0,0,0,0,2,2,1,0
2000,Ghana,0,0,0,0,22,13,2,0
2000,Grenada,0,0,0,0,3,3,2,0
2000,Guam,0,0,0,0,7,7,5,0
2000,Guatemala,0,0,0,0,15,14,7,0
2000,Guinea,0,0,0,0,6,6,4,0
2000,Guinea-Bissau,0,0,0,0,3,3,2,0
2000,Guyana,0,0,0,0,4,4,1,0
2000,Haiti,0,0,0,0,5,5,3,0
2000,Honduras,0,0,0,0,20,4,3,0
2000,Individual Olympic Athletes,0,0,0,0,4,4,3,0
2000,Iraq,0,0,0,0,4,4,2,0
2000,Ivory Coast,0,0,0,0,14,12,5,0
2000,Jordan,0,0,0,0,8,8,6,0
2000,Laos,0,0,0,0,3,3,2,0
2000,Lebanon,0,0,0,0,6,6,4,0
2000,Lesotho,0,0,0,0,6,6,3,0
2000,Liberia,0,0,0,0,8,7,1,0
2000,Libya,0,0,0,0,3,3,3,0
2000,Liechtenstein,0,0,0,0,2,2,2,0
2000,Luxembourg,0,0,0,0,7,8,4,0
2000,Madagascar,0,0,0,0,11,10,4,0
2000,Malawi,0,0,0,0,2,2,1,0
2000,Malaysia,0,0,0,0,40,32,9,0
2000,Maldives,0,0,0,0,4,4,2,0
2000,Mali,0,0,0,0,5,5,3,0
2000,Malta,0,0,0,0,7,7,5,0
2000,Mauritania,0,0,0,0,2,2,1,0
2000,Mauritius,0,0,0,0,20,20,8,0
2000,Micronesia,0,0,0,0,5,5,3,0
2000,Monaco,0,0,0,0,4,4,4,0
2000,Mongolia,0,0,0,0,20,21,6,0
2000,Myanmar,0,0,0,0,7,7,4,0
2000,Namibia,0,0,0,0,11,16,6,0
2000,Nauru,0,0,0,0,2,2,1,0
2000,Nepal,0,0,0,0,5,5,3,0
2000,Nicaragua,0,0,0,0,6,6,5,0
2000,Niger,0,0,0,0,4,4,2,0
2000,Oman,0,0,0,0,6,5,3,0
2000,Pakistan,0,0,0,0,27,11,6,0
2000,Palau,0,0,0,0,5,5,3,0
2000,Palestine,0,0,0,0,2,2,2,0
2000,Panama,0,0,0,0,6,7,5,0
2000,Papua New Guinea,0,0,0,0,5,5,3,0
2000,Paraguay,0,0,0,0,5,5,3,0
2000,Peru,0,0,0,0,21,12,7,0
2000,Philippines,0,0,0,0,20,22,9,0
2000,Puerto Rico,0,0,0,0,29,31,10,0
2000,Republic of Congo,0,0,0,0,5,5,3,0
2000,Rwanda,0,0,0,0,5,5,2,0
2000,Saint Kitts,0,0,0,0,2,4,1,0
2000,Saint Lucia,0,0,0,0,5,5,2,0
2000,Saint Vincent,0,0,0,0,4,4,2,0
2000,Samoa,0,0,0,0,5,5,5,0
2000,San Marino,0,0,0,0,4,4,3,0
2000,Sao Tome and Principe,0,0,0,0,2,2,1,0
2000,Senegal,0,0,0,0,26,15,6,0
2000,Seychelles,0,0,0,0,9,9,5,0
2000,Sierra Leone,0,0,0,0,3,3,2,0
2000,Singapore,0,0,0,0,14,20,4,0
2000,Solomon Islands,0,0,0,0,2,2,1,0
2000,Somalia,0,0,0,0,2,2,1,0
2000,Sudan,0,0,0,0,3,3,2,0
2000,Suriname,0,0,0,0,4,5,2,0
2000,Swaziland,0,0,0,0,6,6,4,0
2000,Syria,0,0,0,0,8,7,4,0
2000,Tajikistan,0,0,0,0,4,4,2,0
2000,Tanzania,0,0,0,0,4,2,1,0
2000,Togo,0,0,0,0,3,3,2,0
2000,Tonga,0,0,0,0,3,3,2,0
2000,Tunisia,0,0,0,0,47,34,10,0
2000,Turkmenistan,0,0,0,0,8,8,6,0
2000,Uganda,0,0,0,0,13,13,5,0
2000,United Arab Emirates,0,0,0,0,4,5,3,0
2000,Vanuatu,0,0,0,0,3,3,2,0
2000,Venezuela,0,0,0,0,50,49,17,0
2000,"Virgin Islands, British",0,0,0,0,1,1,1,0
2000,"Virgin Islands, US",0,0,0,0,9,12,5,0
2000,Yemen,0,0,0,0,2,2,1,0
2000,Zambia,0,0,0,0,8,8,3,0
2000,Zimbabwe,0,0,0,0,16,19,5,0
2004,USA,101,36,39,26,533,254,31,0
2004,Russia,90,28,26,36,446,235,29,0
2004,China,64,32,18,14,404,207,31,0
2004,Australia,50,17,16,17,470,219,33,0
2004,Germany,49,13,16,20,441,228,29,0
2004,Japan,37,16,9,12,305,169,31,0
2004,France,33,11,9,13,308,193,27,0
2004,Italy,32,10,11,11,364,175,30,0
2004,South Korea,30,9,12,9,260,149,25,0
2004,UK,30,9,9,12,264,162,24,0
2004,Cuba,27,9,7,11,151,108,18,0
2004,Netherlands,22,4,9,9,210,99,22,0
2004,Ukraine,22,8,5,9,239,175,23,0
2004,Spain,20,3,11,6,316,155,27,0
2004,Romania,19,8,5,6,108,88,16,0
2004,Hungary,17,8,6,3,208,138,20,0
2004,Greece,16,6,6,4,426,215,33,1
2004,Belarus,13,2,5,6,151,121,22,0
2004,Bulgaria,12,2,1,9,95,94,19,0
2004,Canada,12,3,6,3,262,151,28,0
2004,Turkey,11,3,3,5,64,65,10,0
2004,Brazil,10,5,2,3,243,133,26,0
2004,Poland,10,3,2,5,194,124,21,0
2004,Czech Republic,9,1,3,5,142,104,20,0
2004,Denmark,8,2,1,5,92,59,16,0
2004,Kazakhstan,8,1,4,3,114,95,17,0
2004,Thailand,8,3,1,4,42,46,13,0
2004,Austria,7,2,4,1,74,56,18,0
2004,Ethiopia,7,2,3,2,26,12,2,0
2004,Kenya,7,1,4,2,46,16,4,0
2004,Sweden,7,4,2,1,115,79,20,0
2004,Argentina,6,2,0,4,152,86,22,0
2004,Iran,6,2,2,2,37,35,10,0
2004,Norway,6,5,0,1,52,35,12,0
2004,Slovakia,6,2,2,2,64,59,14,0
2004,South Africa,6,1,3,2,106,68,20,0
2004,Azerbaijan,5,1,0,4,36,36,10,0
2004,Croatia,5,1,2,2,81,57,14,0
2004,Egypt,5,1,1,3,96,48,17,0
2004,Jamaica,5,2,1,2,47,27,4,0
2004,New Zealand,5,3,2,0,148,84,18,0
2004,North Korea,5,0,4,1,36,34,9,0
2004,Switzerland,5,1,1,3,98,83,19,0
2004,Taiwan,5,2,2,1,88,52,14,0
2004,Uzbekistan,5,2,1,2,69,71,14,0
2004,Georgia,4,2,2,0,32,38,10,0
2004,Indonesia,4,1,1,2,38,27,14,0
2004,Latvia,4,0,4,0,32,37,11,0
2004,Mexico,4,0,3,1,109,68,20,0
2004,Slovenia,4,0,1,3,79,66,10,0
2004,Belgium,3,1,0,2,50,41,14,0
2004,Chile,3,2,0,1,22,25,11,0
2004,Estonia,3,0,1,2,42,34,10,0
2004,Lithuania,3,1,2,0,59,44,13,0
2004,Morocco,3,2,1,0,55,28,9,0
2004,Portugal,3,0,2,1,81,63,16,0
2004,Zimbabwe,3,1,1,1,12,11,4,0
2004,Bahamas,2,1,0,1,22,18,3,0
2004,Colombia,2,0,0,2,53,59,15,0
2004,Finland,2,0,2,0,53,53,12,0
2004,Israel,2,1,0,1,36,41,14,0
2004,Nigeria,2,0,0,2,70,31,10,0
2004,Serbia,2,0,2,0,85,39,14,0
2004,Venezuela,2,0,0,2,48,51,15,0
2004,Cameroon,1,1,0,0,17,15,5,0
2004,Dominican Republic,1,1,0,0,33,22,9,0
2004,Eritrea,1,0,0,1,4,3,1,0
2004,India,1,0,1,0,73,43,14,0
2004,Mongolia,1,0,0,1,20,21,7,0
2004,Paraguay,1,0,1,0,22,6,4,0
2004,Syria,1,0,0,1,6,6,5,0
2004,Trinidad,1,0,0,1,19,18,4,0
2004,United Arab Emirates,1,1,0,0,4,5,3,0
2004,Afghanistan,0,0,0,0,5,5,4,0
2004,Albania,0,0,0,0,7,7,4,0
2004,Algeria,0,0,0,0,61,57,10,0
2004,American Samoa,0,0,0,0,3,3,2,0
2004,Andorra,0,0,0,0,6,6,4,0
2004,Angola,0,0,0,0,30,5,5,0
2004,Antigua,0,0,0,0,5,5,2,0
2004,Armenia,0,0,0,0,18,19,8,0
2004,Aruba,0,0,0,0,4,4,3,0
2004,Bahrain,0,0,0,0,10,10,4,0
2004,Bangladesh,0,0,0,0,4,4,3,0
2004,Barbados,0,0,0,0,10,15,5,0
2004,Belize,0,0,0,0,2,2,1,0
2004,Benin,0,0,0,0,4,4,2,0
2004,Bermuda,0,0,0,0,10,7,6,0
2004,Bhutan,0,0,0,0,2,2,1,0
2004,Boliva,0,0,0,0,7,11,5,0
2004,Bosnia and Herzegovina,0,0,0,0,9,11,8,0
2004,Botswana,0,0,0,0,11,8,2,0
2004,Brunei,0,0,0,0,1,1,1,0
2004,Burkina Faso,0,0,0,0,5,5,3,0
2004,Burundi,0,0,0,0,7,5,2,0
2004,Cambodia,0,0,0,0,4,4,2,0
2004,Cape Verde,0,0,0,0,3,3,3,0
2004,Cayman Islands,0,0,0,0,5,8,2,0
2004,Central African Republic,0,0,0,0,4,4,3,0
2004,Chad,0,0,0,0,1,1,1,0
2004,Comoros,0,0,0,0,3,3,2,0
2004,Cook Islands,0,0,0,0,3,3,2,0
2004,Costa Rica,0,0,0,0,20,8,6,0
2004,Curacao,0,0,0,0,3,3,2,0
2004,Cyprus,0,0,0,0,20,20,7,0
2004,Democratic Republic of the Congo,0,0,0,0,4,4,2,0
2004,Dominica,0,0,0,0,2,2,1,0
2004,Ecuador,0,0,0,0,16,15,7,0
2004,El Salvador,0,0,0,0,7,9,6,0
2004,Equatorial Guinea,0,0,0,0,2,2,1,0
2004,Fiji,0,0,0,0,8,9,6,0
2004,Gabon,0,0,0,0,5,5,3,0
2004,Gambia,0,0,0,0,2,3,1,0
2004,Ghana,0,0,0,0,26,9,2,0
2004,Grenada,0,0,0,0,5,5,2,0
2004,Guam,0,0,0,0,4,4,3,0
2004,Guatemala,0,0,0,0,18,17,8,0
2004,Guinea,0,0,0,0,3,4,3,0
2004,Guinea-Bissau,0,0,0,0,3,3,2,0
2004,Guyana,0,0,0,0,4,4,3,0
2004,Haiti,0,0,0,0,8,8,4,0
2004,Honduras,0,0,0,0,5,5,4,0
2004,Iceland,0,0,0,0,26,20,5,0
2004,Iraq,0,0,0,0,24,8,7,0
2004,Ireland,0,0,0,0,46,31,9,0
2004,Ivory Coast,0,0,0,0,5,5,3,0
2004,Jordan,0,0,0,0,8,8,5,0
2004,Kiribati,0,0,0,0,3,3,2,0
2004,Kuwait,0,0,0,0,11,9,3,0
2004,Kyrgyzstan,0,0,0,0,29,32,9,0
2004,Laos,0,0,0,0,5,5,3,0
2004,Lebanon,0,0,0,0,5,5,3,0
2004,Lesotho,0,0,0,0,3,3,2,0
2004,Liberia,0,0,0,0,2,2,1,0
2004,Libya,0,0,0,0,8,8,5,0
2004,Liechtenstein,0,0,0,0,1,1,1,0
2004,Luxembourg,0,0,0,0,10,10,6,0
2004,Macedonia,0,0,0,0,10,14,5,0
2004,Madagascar,0,0,0,0,8,8,5,0
2004,Malawi,0,0,0,0,4,4,2,0
2004,Malaysia,0,0,0,0,26,31,11,0
2004,Maldives,0,0,0,0,4,4,2,0
2004,Mali,0,0,0,0,21,6,4,0
2004,Malta,0,0,0,0,7,7,5,0
2004,Mauritania,0,0,0,0,2,2,1,0
2004,Mauritius,0,0,0,0,9,9,5,0
2004,Micronesia,0,0,0,0,5,5,3,0
2004,Moldova,0,0,0,0,33,31,8,0
2004,Monaco,0,0,0,0,3,3,3,0
2004,Mozambique,0,0,0,0,4,4,2,0
2004,Myanmar,0,0,0,0,2,2,2,0
2004,Namibia,0,0,0,0,8,9,5,0
2004,Nauru,0,0,0,0,3,3,1,0
2004,Nepal,0,0,0,0,6,6,4,0
2004,Nicaragua,0,0,0,0,5,6,3,0
2004,Niger,0,0,0,0,4,4,3,0
2004,Oman,0,0,0,0,2,2,2,0
2004,Pakistan,0,0,0,0,26,11,5,0
2004,Palau,0,0,0,0,4,4,3,0
2004,Palestine,0,0,0,0,3,3,2,0
2004,Panama,0,0,0,0,4,5,2,0
2004,Papua New Guinea,0,0,0,0,4,6,3,0
2004,Peru,0,0,0,0,12,14,10,0
2004,Philippines,0,0,0,0,16,21,6,0
2004,Puerto Rico,0,0,0,0,43,38,15,0
2004,Qatar,0,0,0,0,15,14,4,0
2004,Republic of Congo,0,0,0,0,5,5,4,0
2004,Rwanda,0,0,0,0,5,5,2,0
2004,Saint Kitts,0,0,0,0,2,2,1,0
2004,Saint Lucia,0,0,0,0,2,2,2,0
2004,Saint Vincent,0,0,0,0,3,3,2,0
2004,Samoa,0,0,0,0,3,3,2,0
2004,San Marino,0,0,0,0,5,5,3,0
2004,Sao Tome and Principe,0,0,0,0,2,2,1,0
2004,Saudi Arabia,0,0,0,0,16,12,6,0
2004,Senegal,0,0,0,0,15,17,6,0
2004,Seychelles,0,0,0,0,9,10,7,0
2004,Sierra Leone,0,0,0,0,2,2,1,0
2004,Singapore,0,0,0,0,16,16,6,0
2004,Solomon Islands,0,0,0,0,2,2,1,0
2004,Somalia,0,0,0,0,2,2,1,0
2004,Sri Lanka,0,0,0,0,7,8,3,0
2004,Sudan,0,0,0,0,4,4,1,0
2004,Suriname,0,0,0,0,4,4,2,0
2004,Swaziland,0,0,0,0,3,3,2,0
2004,Tajikistan,0,0,0,0,9,9,5,0
2004,Tanzania,0,0,0,0,8,6,1,0
2004,Timor-Leste,0,0,0,0,2,2,1,0
2004,Togo,0,0,0,0,3,3,2,0
2004,Tonga,0,0,0,0,5,5,4,0
2004,Tunisia,0,0,0,0,54,37,14,0
2004,Turkmenistan,0,0,0,0,9,10,6,0
2004,Uganda,0,0,0,0,11,10,4,0
2004,Uruguay,0,0,0,0,15,16,6,0
2004,Vanuatu,0,0,0,0,2,2,1,0
2004,Vietnam,0,0,0,0,11,10,8,0
2004,"Virgin Islands, British",0,0,0,0,1,1,1,0
2004,"Virgin Islands, US",0,0,0,0,6,9,4,0
2004,Yemen,0,0,0,0,3,3,3,0
2004,Zambia,0,0,0,0,6,6,3,0
2008,USA,110,36,39,35,588,258,32,0
2008,China,100,51,21,28,617,259,34,1
2008,Russia,72,23,21,28,454,242,29,0
2008,UK,48,19,13,16,304,185,23,0
2008,Australia,46,14,15,17,432,219,31,0
2008,France,41,7,16,18,309,205,25,0
2008,Germany,41,16,10,15,420,207,30,0
2008,South Korea,31,13,10,8,263,142,27,0
2008,Italy,27,8,9,10,333,190,29,0
2008,Ukraine,27,7,5,15,243,177,24,0
2008,Japan,25,9,7,9,332,176,31,0
2008,Cuba,24,2,11,11,158,102,18,0
2008,Canada,19,3,9,7,332,185,30,0
2008,Belarus,18,4,5,9,177,122,24,0
2008,Spain,18,5,10,3,283,147,29,0
2008,Brazil,16,3,4,9,268,145,28,0
2008,Netherlands,16,7,5,4,237,98,20,0
2008,Kenya,15,6,4,5,46,24,5,0
2008,Kazakhstan,13,2,4,7,130,106,19,0
2008,Hungary,10,3,5,2,170,126,20,0
2008,Poland,10,3,6,1,257,165,23,0
2008,Jamaica,9,5,2,2,50,29,4,0
2008,New Zealand,9,3,2,4,178,78,17,0
2008,Norway,9,3,5,1,84,49,15,0
2008,Romania,8,4,1,3,101,80,16,0
2008,Azerbaijan,7,1,2,4,44,37,10,0
2008,Denmark,7,2,2,3,84,62,16,0
2008,Ethiopia,7,4,1,2,27,10,1,0
2008,Switzerland,7,2,1,4,83,75,20,0
2008,Turkey,7,1,3,3,67,67,12,0
2008,Argentina,6,2,0,4,132,71,19,0
2008,Armenia,6,0,0,6,25,24,7,0
2008,Czech Republic,6,3,3,0,134,105,21,0
2008,Georgia,6,3,0,3,35,35,11,0
2008,North Korea,6,2,1,3,58,38,12,0
2008,Slovakia,6,3,2,1,57,54,14,0
2008,Uzbekistan,6,1,2,3,56,67,14,0
2008,Bulgaria,5,1,1,3,70,60,15,0
2008,Croatia,5,0,2,3,99,66,15,0
2008,Indonesia,5,1,1,3,24,17,7,0
2008,Lithuania,5,0,2,3,71,54,16,0
2008,Slovenia,5,1,2,2,61,60,11,0
2008,Sweden,5,0,4,1,123,81,20,0
2008,Finland,4,1,1,2,57,55,14,0
2008,Greece,4,0,2,2,152,105,23,0
2008,Mongolia,4,2,2,0,28,29,7,0
2008,Nigeria,4,0,1,3,74,36,10,0
2008,Taiwan,4,0,0,4,79,41,15,0
2008,Thailand,4,2,2,0,47,43,12,0
2008,Zimbabwe,4,1,3,0,13,15,6,0
2008,Austria,3,0,1,2,70,62,16,0
2008,India,3,1,0,2,53,48,12,0
2008,Ireland,3,0,1,2,55,43,12,0
2008,Latvia,3,1,1,1,47,33,11,0
2008,Mexico,3,2,0,1,83,73,23,0
2008,Serbia,3,0,1,2,87,42,11,0
2008,Algeria,2,0,1,1,56,44,12,0
2008,Bahamas,2,0,1,1,25,22,4,0
2008,Belgium,2,1,1,0,94,55,16,0
2008,Colombia,2,0,1,1,67,74,16,0
2008,Dominican Republic,2,1,1,0,24,21,9,0
2008,Estonia,2,1,1,0,47,42,13,0
2008,Iran,2,1,0,1,54,40,12,0
2008,Kyrgyzstan,2,0,1,1,20,22,9,0
2008,Morocco,2,0,1,1,47,35,7,0
2008,Portugal,2,1,1,0,77,65,16,0
2008,Tajikistan,2,0,1,1,15,16,8,0
2008,Trinidad,2,1,1,0,28,19,4,0
2008,Afghanistan,1,0,0,1,4,4,2,0
2008,Cameroon,1,1,0,0,32,16,9,0
2008,Chile,1,0,1,0,26,26,14,0
2008,Ecuador,1,0,1,0,25,23,9,0
2008,Egypt,1,0,0,1,100,68,19,0
2008,Iceland,1,0,1,0,27,18,5,0
2008,Israel,1,0,0,1,43,47,12,0
2008,Malaysia,1,0,1,0,32,29,10,0
2008,Mauritius,1,0,0,1,11,11,7,0
2008,Moldova,1,0,0,1,29,28,8,0
2008,Panama,1,1,0,0,5,5,3,0
2008,Singapore,1,0,1,0,25,25,6,0
2008,South Africa,1,0,1,0,134,89,20,0
2008,Sudan,1,0,1,0,9,8,2,0
2008,Togo,1,0,0,1,4,4,4,0
2008,Tunisia,1,1,0,0,26,28,10,0
2008,Venezuela,1,0,0,1,108,83,21,0
2008,Vietnam,1,0,1,0,13,18,8,0
2008,Albania,0,0,0,0,11,12,6,0
2008,American Samoa,0,0,0,0,4,4,3,0
2008,Andorra,0,0,0,0,5,5,4,0
2008,Angola,0,0,0,0,32,8,6,0
2008,Antigua,0,0,0,0,5,5,2,0
2008,Aruba,0,0,0,0,2,2,2,0
2008,Bahrain,0,0,0,0,14,11,3,0
2008,Bangladesh,0,0,0,0,5,5,3,0
2008,Barbados,0,0,0,0,8,10,3,0
2008,Belize,0,0,0,0,4,4,2,0
2008,Benin,0,0,0,0,5,5,3,0
2008,Bermuda,0,0,0,0,6,6,4,0
2008,Bhutan,0,0,0,0,2,2,1,0
2008,Boliva,0,0,0,0,7,7,5,0
2008,Bosnia and Herzegovina,0,0,0,0,5,7,4,0
2008,Botswana,0,0,0,0,11,11,3,0
2008,Burkina Faso,0,0,0,0,6,6,4,0
2008,Burundi,0,0,0,0,3,3,2,0
2008,Cambodia,0,0,0,0,4,4,2,0
2008,Cape Verde,0,0,0,0,2,2,2,0
2008,Cayman Islands,0,0,0,0,4,6,2,0
2008,Central African Republic,0,0,0,0,3,3,2,0
2008,Chad,0,0,0,0,2,2,1,0
2008,Comoros,0,0,0,0,3,3,2,0
2008,Cook Islands,0,0,0,0,4,4,3,0
2008,Costa Rica,0,0,0,0,8,8,4,0
2008,Curacao,0,0,0,0,3,4,3,0
2008,Cyprus,0,0,0,0,17,17,6,0
2008,Democratic Republic of the Congo,0,0,0,0,5,5,4,0
2008,Djibouti,0,0,0,0,2,2,1,0
2008,Dominica,0,0,0,0,2,2,1,0
2008,El Salvador,0,0,0,0,11,14,9,0
2008,Equatorial Guinea,0,0,0,0,3,3,2,0
2008,Eritrea,0,0,0,0,10,6,1,0
2008,Fiji,0,0,0,0,6,6,5,0
2008,Gabon,0,0,0,0,4,4,3,0
2008,Gambia,0,0,0,0,3,3,2,0
2008,Ghana,0,0,0,0,9,9,2,0
2008,Grenada,0,0,0,0,9,8,2,0
2008,Guam,0,0,0,0,6,7,5,0
2008,Guatemala,0,0,0,0,12,12,9,0
2008,Guinea,0,0,0,0,5,5,3,0
2008,Guinea-Bissau,0,0,0,0,3,3,2,0
2008,Guyana,0,0,0,0,4,4,2,0
2008,Haiti,0,0,0,0,7,7,3,0
2008,Honduras,0,0,0,0,25,8,5,0
2008,Iraq,0,0,0,0,4,3,2,0
2008,Ivory Coast,0,0,0,0,21,7,5,0
2008,Jordan,0,0,0,0,7,7,5,0
2008,Kiribati,0,0,0,0,2,2,2,0
2008,Kuwait,0,0,0,0,8,7,5,0
2008,Laos,0,0,0,0,4,4,2,0
2008,Lebanon,0,0,0,0,6,6,4,0
2008,Lesotho,0,0,0,0,5,3,2,0
2008,Liberia,0,0,0,0,3,4,1,0
2008,Libya,0,0,0,0,6,6,4,0
2008,Liechtenstein,0,0,0,0,2,2,2,0
2008,Luxembourg,0,0,0,0,13,17,7,0
2008,Macedonia,0,0,0,0,7,7,5,0
2008,Madagascar,0,0,0,0,6,6,4,0
2008,Malawi,0,0,0,0,4,4,2,0
2008,Maldives,0,0,0,0,4,4,2,0
2008,Mali,0,0,0,0,17,6,4,0
2008,Malta,0,0,0,0,6,6,4,0
2008,Marshall Islands,0,0,0,0,5,5,3,0
2008,Mauritania,0,0,0,0,2,2,1,0
2008,Micronesia,0,0,0,0,5,5,3,0
2008,Monaco,0,0,0,0,5,5,5,0
2008,Montenegro,0,0,0,0,19,8,6,0
2008,Mozambique,0,0,0,0,4,4,3,0
2008,Myanmar,0,0,0,0,6,7,5,0
2008,Namibia,0,0,0,0,10,10,4,0
2008,Nauru,0,0,0,0,1,1,1,0
2008,Nepal,0,0,0,0,8,8,6,0
2008,Nicaragua,0,0,0,0,6,7,4,0
2008,Niger,0,0,0,0,4,4,2,0
2008,Oman,0,0,0,0,4,4,3,0
2008,Pakistan,0,0,0,0,21,7,4,0
2008,Palau,0,0,0,0,5,5,3,0
2008,Palestine,0,0,0,0,4,4,2,0
2008,Papua New Guinea,0,0,0,0,7,9,5,0
2008,Paraguay,0,0,0,0,7,7,5,0
2008,Peru,0,0,0,0,13,13,10,0
2008,Philippines,0,0,0,0,15,17,8,0
2008,Puerto Rico,0,0,0,0,22,31,8,0
2008,Qatar,0,0,0,0,20,14,6,0
2008,Republic of Congo,0,0,0,0,5,5,3,0
2008,Rwanda,0,0,0,0,4,4,2,0
2008,Saint Kitts,0,0,0,0,4,5,1,0
2008,Saint Lucia,0,0,0,0,4,4,2,0
2008,Saint Vincent,0,0,0,0,2,2,1,0
2008,Samoa,0,0,0,0,6,7,5,0
2008,San Marino,0,0,0,0,4,4,3,0
2008,Sao Tome and Principe,0,0,0,0,3,4,2,0
2008,Saudi Arabia,0,0,0,0,14,11,4,0
2008,Senegal,0,0,0,0,15,16,7,0
2008,Seychelles,0,0,0,0,9,9,6,0
2008,Sierra Leone,0,0,0,0,3,3,2,0
2008,Solomon Islands,0,0,0,0,3,3,2,0
2008,Somalia,0,0,0,0,2,2,1,0
2008,Sri Lanka,0,0,0,0,8,9,6,0
2008,Suriname,0,0,0,0,4,4,2,0
2008,Swaziland,0,0,0,0,4,4,2,0
2008,Syria,0,0,0,0,7,7,5,0
2008,Tanzania,0,0,0,0,9,6,2,0
2008,Timor-Leste,0,0,0,0,1,1,1,0
2008,Tonga,0,0,0,0,3,3,2,0
2008,Turkmenistan,0,0,0,0,10,9,6,0
2008,Tuvalu,0,0,0,0,3,3,2,0
2008,Uganda,0,0,0,0,11,10,4,0
2008,United Arab Emirates,0,0,0,0,8,9,7,0
2008,Uruguay,0,0,0,0,12,12,6,0
2008,Vanuatu,0,0,0,0,3,3,2,0
2008,"Virgin Islands, British",0,0,0,0,2,2,1,0
2008,"Virgin Islands, US",0,0,0,0,7,8,5,0
2008,Yemen,0,0,0,0,5,8,4,0
2008,Zambia,0,0,0,0,8,8,4,0
2012,USA,103,46,28,29,529,245,31,0
2012,China,89,38,27,24,406,212,29,0
2012,Russia,82,24,26,32,429,238,30,0
2012,UK,65,29,17,19,530,249,32,1
2012,Germany,44,11,19,14,383,213,27,0
2012,Japan,38,7,14,17,291,178,29,0
2012,Australia,35,7,16,12,405,208,29,0
2012,France,35,11,11,13,324,188,28,0
2012,Italy,28,8,9,11,281,169,28,0
2012,South Korea,28,13,8,7,249,140,25,0
2012,Netherlands,20,6,6,8,173,95,19,0
2012,Ukraine,20,6,5,9,230,174,25,0
2012,Canada,18,1,5,12,273,179,28,0
2012,Hungary,18,8,4,6,151,111,21,0
2012,Brazil,17,3,5,9,248,138,27,0
2012,Spain,17,3,10,4,278,135,27,0
2012,Cuba,14,5,3,6,109,86,14,0
2012,Kazakhstan,13,7,1,5,113,106,19,0
2012,New Zealand,13,6,2,5,178,87,16,0
2012,Belarus,12,2,5,5,160,110,23,0
2012,Iran,12,4,5,3,52,51,13,0
2012,Jamaica,12,4,4,4,45,25,4,0
2012,Kenya,11,2,4,5,47,23,4,0
2012,Azerbaijan,10,2,2,6,52,57,15,0
2012,Czech Republic,10,4,3,3,133,99,21,0
2012,Poland,10,2,2,6,210,148,24,0
2012,Denmark,9,2,4,3,114,69,17,0
2012,Romania,9,2,5,2,105,75,15,0
2012,Colombia,8,1,3,4,101,81,19,0
2012,Sweden,8,1,4,3,133,81,21,0
2012,Ethiopia,7,3,1,3,33,14,2,0
2012,Georgia,7,1,3,3,34,35,10,0
2012,Mexico,7,1,3,3,99,75,23,0
2012,Croatia,6,3,1,2,107,53,17,0
2012,India,6,0,2,4,81,55,13,0
2012,North Korea,6,4,0,2,51,27,11,0
2012,South Africa,6,3,2,1,124,65,17,0
2012,Ireland,5,1,1,3,64,54,14,0
2012,Lithuania,5,2,1,2,62,54,14,0
2012,Mongolia,5,0,2,3,29,32,7,0
2012,Turkey,5,2,2,1,112,80,16,0
2012,Argentina,4,1,1,2,137,66,23,0
2012,Norway,4,2,1,1,61,46,15,0
2012,Serbia,4,1,1,2,116,55,15,0
2012,Slovakia,4,0,1,3,47,52,11,0
2012,Slovenia,4,1,1,2,65,68,15,0
2012,Switzerland,4,2,2,0,98,71,19,0
2012,Trinidad,4,1,1,2,25,22,6,0
2012,Armenia,3,0,1,2,24,30,9,0
2012,Belgium,3,0,1,2,111,71,16,0
2012,Finland,3,0,1,2,56,61,14,0
2012,Thailand,3,0,2,1,37,37,15,0
2012,Tunisia,3,1,1,1,83,50,17,0
2012,Uzbekistan,3,1,0,2,53,52,14,0
2012,Bulgaria,2,0,1,1,63,56,17,0
2012,Dominican Republic,2,1,1,0,33,21,10,0
2012,Egypt,2,0,2,0,109,87,21,0
2012,Estonia,2,0,1,1,32,30,11,0
2012,Greece,2,0,0,2,102,76,20,0
2012,Indonesia,2,0,1,1,22,16,8,0
2012,Latvia,2,1,0,1,45,38,12,0
2012,Malaysia,2,0,1,1,29,25,9,0
2012,Moldova,2,0,0,2,20,19,9,0
2012,Puerto Rico,2,0,1,1,25,25,8,0
2012,Qatar,2,0,0,2,12,13,4,0
2012,Singapore,2,0,0,2,23,29,9,0
2012,Taiwan,2,0,1,1,44,40,14,0
2012,Afghanistan,1,0,0,1,6,6,4,0
2012,Algeria,1,1,0,0,38,29,12,0
2012,Bahamas,1,1,0,0,21,16,2,0
2012,Bahrain,1,0,0,1,12,11,3,0
2012,Botswana,1,0,1,0,4,4,2,0
2012,Cyprus,1,0,1,0,13,12,7,0
2012,Gabon,1,0,1,0,21,7,5,0
2012,Grenada,1,1,0,0,8,8,3,0
2012,Guatemala,1,0,1,0,19,21,11,0
2012,Kuwait,1,0,0,1,10,11,4,0
2012,Montenegro,1,0,1,0,33,9,7,0
2012,Morocco,1,0,0,1,63,40,12,0
2012,Portugal,1,0,1,0,76,75,14,0
2012,Saudi Arabia,1,0,0,1,18,14,5,0
2012,Tajikistan,1,0,0,1,16,16,7,0
2012,Uganda,1,1,0,0,15,12,4,0
2012,Venezuela,1,1,0,0,68,70,15,0
2012,Albania,0,0,0,0,9,9,5,0
2012,American Samoa,0,0,0,0,4,4,3,0
2012,Andorra,0,0,0,0,6,6,4,0
2012,Angola,0,0,0,0,33,10,6,0
2012,Antigua,0,0,0,0,4,4,2,0
2012,Aruba,0,0,0,0,4,4,3,0
2012,Austria,0,0,0,0,70,69,19,0
2012,Bangladesh,0,0,0,0,5,7,5,0
2012,Barbados,0,0,0,0,6,6,3,0
2012,Belize,0,0,0,0,3,3,2,0
2012,Benin,0,0,0,0,5,5,4,0
2012,Bermuda,0,0,0,0,8,7,5,0
2012,Bhutan,0,0,0,0,2,2,2,0
2012,Boliva,0,0,0,0,5,5,3,0
2012,Bosnia and Herzegovina,0,0,0,0,6,8,4,0
2012,Brunei,0,0,0,0,3,3,2,0
2012,Burkina Faso,0,0,0,0,5,5,3,0
2012,Burundi,0,0,0,0,6,6,3,0
2012,Cambodia,0,0,0,0,6,6,4,0
2012,Cameroon,0,0,0,0,32,16,9,0
2012,Cape Verde,0,0,0,0,3,3,2,0
2012,Cayman Islands,0,0,0,0,4,5,2,0
2012,Central African Republic,0,0,0,0,6,6,4,0
2012,Chad,0,0,0,0,2,2,2,0
2012,Chile,0,0,0,0,35,36,17,0
2012,Comoros,0,0,0,0,3,3,2,0
2012,Cook Islands,0,0,0,0,8,9,5,0
2012,Costa Rica,0,0,0,0,11,11,6,0
2012,Democratic Republic of the Congo,0,0,0,0,4,4,3,0
2012,Djibouti,0,0,0,0,4,4,3,0
2012,Dominica,0,0,0,0,2,2,1,0
2012,Ecuador,0,0,0,0,36,34,11,0
2012,El Salvador,0,0,0,0,10,11,7,0
2012,Equatorial Guinea,0,0,0,0,2,2,1,0
2012,Eritrea,0,0,0,0,12,7,2,0
2012,Fiji,0,0,0,0,9,9,6,0
2012,Gambia,0,0,0,0,2,2,1,0
2012,Ghana,0,0,0,0,7,7,4,0
2012,Guam,0,0,0,0,8,8,5,0
2012,Guinea,0,0,0,0,4,4,3,0
2012,Guinea-Bissau,0,0,0,0,4,4,2,0
2012,Guyana,0,0,0,0,6,6,3,0
2012,Haiti,0,0,0,0,5,5,2,0
2012,Honduras,0,0,0,0,25,10,8,0
2012,Iceland,0,0,0,0,27,20,6,0
2012,Individual Olympic Athletes,0,0,0,0,4,4,3,0
2012,Iraq,0,0,0,0,8,8,7,0
2012,Israel,0,0,0,0,37,41,10,0
2012,Ivory Coast,0,0,0,0,9,10,6,0
2012,Jordan,0,0,0,0,9,9,5,0
2012,Kiribati,0,0,0,0,3,3,2,0
2012,Kyrgyzstan,0,0,0,0,14,15,8,0
2012,Laos,0,0,0,0,3,3,2,0
2012,Lebanon,0,0,0,0,10,10,7,0
2012,Lesotho,0,0,0,0,4,4,2,0
2012,Liberia,0,0,0,0,3,3,1,0
2012,Libya,0,0,0,0,4,4,3,0
2012,Liechtenstein,0,0,0,0,3,4,3,0
2012,Luxembourg,0,0,0,0,9,11,7,0
2012,Macedonia,0,0,0,0,4,4,2,0
2012,Madagascar,0,0,0,0,7,7,5,0
2012,Malawi,0,0,0,0,3,3,2,0
2012,Maldives,0,0,0,0,5,5,3,0
2012,Mali,0,0,0,0,6,6,4,0
2012,Malta,0,0,0,0,5,5,3,0
2012,Marshall Islands,0,0,0,0,4,4,2,0
2012,Mauritania,0,0,0,0,2,2,1,0
2012,Mauritius,0,0,0,0,11,10,7,0
2012,Micronesia,0,0,0,0,6,6,4,0
2012,Monaco,0,0,0,0,6,6,6,0
2012,Mozambique,0,0,0,0,6,6,4,0
2012,Myanmar,0,0,0,0,6,6,5,0
2012,Namibia,0,0,0,0,9,8,5,0
2012,Nauru,0,0,0,0,2,2,2,0
2012,Nepal,0,0,0,0,5,5,3,0
2012,Nicaragua,0,0,0,0,6,6,4,0
2012,Niger,0,0,0,0,6,6,5,0
2012,Nigeria,0,0,0,0,49,31,8,0
2012,Oman,0,0,0,0,3,3,2,0
2012,Pakistan,0,0,0,0,20,6,4,0
2012,Palau,0,0,0,0,5,5,4,0
2012,Palestine,0,0,0,0,5,5,3,0
2012,Panama,0,0,0,0,8,8,5,0
2012,Papua New Guinea,0,0,0,0,8,8,5,0
2012,Paraguay,0,0,0,0,8,10,6,0
2012,Peru,0,0,0,0,16,14,9,0
2012,Philippines,0,0,0,0,11,11,8,0
2012,Republic of Congo,0,0,0,0,7,6,3,0
2012,Rwanda,0,0,0,0,7,7,4,0
2012,Saint Kitts,0,0,0,0,4,3,1,0
2012,Saint Lucia,0,0,0,0,4,4,3,0
2012,Saint Vincent,0,0,0,0,3,3,2,0
2012,Samoa,0,0,0,0,8,9,6,0
2012,San Marino,0,0,0,0,4,4,4,0
2012,Sao Tome and Principe,0,0,0,0,2,2,1,0
2012,Senegal,0,0,0,0,31,16,8,0
2012,Seychelles,0,0,0,0,6,6,4,0
2012,Sierra Leone,0,0,0,0,2,2,1,0
2012,Solomon Islands,0,0,0,0,4,4,3,0
2012,Somalia,0,0,0,0,2,2,1,0
2012,Sri Lanka,0,0,0,0,7,8,4,0
2012,Sudan,0,0,0,0,6,5,2,0
2012,Suriname,0,0,0,0,5,5,3,0
2012,Swaziland,0,0,0,0,3,3,2,0
2012,Syria,0,0,0,0,10,10,7,0
2012,Tanzania,0,0,0,0,6,5,3,0
2012,Timor-Leste,0,0,0,0,2,2,1,0
2012,Togo,0,0,0,0,6,6,5,0
2012,Tonga,0,0,0,0,3,3,2,0
2012,Turkmenistan,0,0,0,0,10,10,5,0
2012,Tuvalu,0,0,0,0,3,3,2,0
2012,United Arab Emirates,0,0,0,0,26,9,6,0
2012,Uruguay,0,0,0,0,27,11,8,0
2012,Vanuatu,0,0,0,0,5,5,3,0
2012,Vietnam,0,0,0,0,18,23,11,0
2012,"Virgin Islands, British",0,0,0,0,2,2,1,0
2012,"Virgin Islands, US",0,0,0,0,7,7,3,0
2012,Yemen,0,0,0,0,4,4,3,0
2012,Zambia,0,0,0,0,7,7,4,0
2012,Zimbabwe,0,0,0,0,7,8,4,0
2016,USA,121,46,37,38,555,245,33,0
2016,China,70,26,18,26,427,211,32,0
2016,UK,67,27,23,17,360,198,26,0
2016,Russia,56,19,17,20,284,181,29,0
2016,France,42,10,18,14,392,202,32,0
2016,Germany,42,17,10,15,418,217,29,0
2016,Japan,41,12,8,21,335,186,32,0
2016,Australia,29,8,11,10,420,194,31,0
2016,Italy,28,8,12,8,309,171,26,0
2016,Canada,22,4,3,15,310,175,31,0
2016,South Korea,21,9,3,9,207,117,26,0
2016,Brazil,19,7,6,6,462,222,34,1
2016,Netherlands,19,8,7,4,237,122,23,0
2016,Azerbaijan,18,1,7,10,56,62,15,0
2016,Kazakhstan,18,3,5,10,101,98,19,0
2016,New Zealand,18,4,9,5,195,100,20,0
2016,Spain,17,7,4,6,307,146,28,0
2016,Denmark,15,2,6,7,119,67,16,0
2016,Hungary,15,8,3,4,153,113,20,0
2016,Kenya,13,6,6,1,79,29,7,0
2016,Uzbekistan,13,4,2,7,70,69,15,0
2016,Cuba,11,5,2,4,117,99,19,0
2016,Jamaica,11,6,3,2,56,32,4,0
2016,Poland,11,2,3,6,234,144,24,0
2016,Sweden,11,2,6,3,150,79,22,0
2016,Ukraine,11,2,5,4,204,142,24,0
2016,Croatia,10,5,3,2,85,47,18,0
2016,Czech Republic,10,1,2,7,104,92,20,0
2016,South Africa,10,2,6,2,135,70,15,0
2016,Belarus,9,1,4,4,120,86,22,0
2016,Colombia,8,3,2,3,143,85,21,0
2016,Ethiopia,8,1,2,5,37,16,3,0
2016,Iran,8,3,1,4,63,46,15,0
2016,Serbia,8,2,4,2,103,56,14,0
2016,Turkey,8,1,3,4,100,88,21,0
2016,Georgia,7,2,1,4,40,40,12,0
2016,North Korea,7,2,3,2,30,28,9,0
2016,Switzerland,7,3,2,2,102,80,17,0
2016,Belgium,6,2,2,2,104,74,19,0
2016,Greece,6,3,1,2,92,65,16,0
2016,Thailand,6,2,2,2,54,45,15,0
2016,Malaysia,5,0,4,1,32,29,10,0
2016,Mexico,5,0,3,2,123,80,27,0
2016,Argentina,4,3,1,0,215,80,26,0
2016,Armenia,4,1,3,0,31,32,8,0
2016,Lithuania,4,0,1,3,67,49,15,0
2016,Norway,4,0,0,4,62,53,13,0
2016,Romania,4,1,1,2,95,62,15,0
2016,Slovakia,4,2,2,0,51,49,12,0
2016,Slovenia,4,1,2,1,63,45,12,0
2016,Bulgaria,3,0,1,2,51,51,14,0
2016,Egypt,3,0,0,3,121,87,23,0
2016,Indonesia,3,1,2,0,28,20,7,0
2016,Taiwan,3,1,0,2,55,46,18,0
2016,Tunisia,3,0,0,3,61,47,17,0
2016,Venezuela,3,0,1,2,85,77,20,0
2016,Algeria,2,0,2,0,64,48,13,0
2016,Bahamas,2,1,0,1,29,20,3,0
2016,Bahrain,2,1,1,0,33,20,4,0
2016,India,2,0,1,1,112,67,15,0
2016,Individual Olympic Athletes,2,1,0,1,9,6,3,0
2016,Ireland,2,0,2,0,76,57,14,0
2016,Israel,2,0,0,2,47,45,16,0
2016,Ivory Coast,2,1,0,1,12,12,6,0
2016,Mongolia,2,0,1,1,43,41,9,0
2016,Vietnam,2,1,1,0,22,24,10,0
2016,Austria,1,0,0,1,71,61,23,0
2016,Burundi,1,0,1,0,9,9,3,0
2016,Dominican Republic,1,0,0,1,26,22,11,0
2016,Estonia,1,0,0,1,46,31,13,0
2016,Fiji,1,1,0,0,53,14,10,0
2016,Finland,1,0,0,1,54,55,17,0
2016,Grenada,1,0,1,0,6,4,2,0
2016,Jordan,1,1,0,0,8,8,6,0
2016,Kosovo,1,1,0,0,8,8,5,0
2016,Morocco,1,0,0,1,48,39,13,0
2016,Niger,1,0,1,0,6,6,4,0
2016,Nigeria,1,0,0,1,71,36,10,0
2016,Philippines,1,0,1,0,13,13,8,0
2016,Portugal,1,0,0,1,90,61,17,0
2016,Puerto Rico,1,1,0,0,40,27,15,0
2016,Qatar,1,0,1,0,37,20,10,0
2016,Singapore,1,1,0,0,25,24,7,0
2016,Tajikistan,1,1,0,0,7,7,4,0
2016,Trinidad,1,0,0,1,28,24,8,0
2016,United Arab Emirates,1,0,0,1,12,11,6,0
2016,Afghanistan,0,0,0,0,3,3,2,0
2016,Albania,0,0,0,0,6,6,3,0
2016,American Samoa,0,0,0,0,4,4,3,0
2016,Andorra,0,0,0,0,4,4,4,0
2016,Angola,0,0,0,0,26,10,7,0
2016,Antigua,0,0,0,0,8,5,2,0
2016,Aruba,0,0,0,0,7,6,4,0
2016,Bangladesh,0,0,0,0,7,7,5,0
2016,Barbados,0,0,0,0,11,11,5,0
2016,Belize,0,0,0,0,3,3,2,0
2016,Benin,0,0,0,0,6,6,4,0
2016,Bermuda,0,0,0,0,8,8,5,0
2016,Bhutan,0,0,0,0,2,2,2,0
2016,Boliva,0,0,0,0,12,10,5,0
2016,Bosnia and Herzegovina,0,0,0,0,11,8,5,0
2016,Botswana,0,0,0,0,12,7,3,0
2016,Brunei,0,0,0,0,3,3,2,0
2016,Burkina Faso,0,0,0,0,5,5,3,0
2016,Cambodia,0,0,0,0,6,6,4,0
2016,Cameroon,0,0,0,0,22,13,6,0
2016,Cape Verde,0,0,0,0,5,5,4,0
2016,Cayman Islands,0,0,0,0,5,5,3,0
2016,Central African Republic,0,0,0,0,6,6,4,0
2016,Chad,0,0,0,0,2,2,1,0
2016,Chile,0,0,0,0,42,36,16,0
2016,Comoros,0,0,0,0,4,4,2,0
2016,Cook Islands,0,0,0,0,9,9,5,0
2016,Costa Rica,0,0,0,0,11,11,6,0
2016,Cyprus,0,0,0,0,15,19,6,0
2016,Democratic Republic of the Congo,0,0,0,0,4,4,3,0
2016,Djibouti,0,0,0,0,7,7,3,0
2016,Dominica,0,0,0,0,2,2,1,0
2016,Ecuador,0,0,0,0,37,29,12,0
2016,El Salvador,0,0,0,0,8,10,6,0
2016,Equatorial Guinea,0,0,0,0,1,1,1,0
2016,Eritrea,0,0,0,0,12,6,2,0
2016,Gabon,0,0,0,0,6,6,4,0
2016,Gambia,0,0,0,0,4,4,3,0
2016,Ghana,0,0,0,0,13,12,5,0
2016,Guam,0,0,0,0,5,5,3,0
2016,Guatemala,0,0,0,0,21,19,10,0
2016,Guinea,0,0,0,0,5,5,3,0
2016,Guinea-Bissau,0,0,0,0,5,5,3,0
2016,Guyana,0,0,0,0,6,7,2,0
2016,Haiti,0,0,0,0,10,10,7,0
2016,Honduras,0,0,0,0,23,8,7,0
2016,Iceland,0,0,0,0,8,14,4,0
2016,Iraq,0,0,0,0,20,5,5,0
2016,Kiribati,0,0,0,0,3,3,2,0
2016,Kyrgyzstan,0,0,0,0,19,17,6,0
2016,Laos,0,0,0,0,5,5,4,0
2016,Latvia,0,0,0,0,32,25,12,0
2016,Lebanon,0,0,0,0,9,9,7,0
2016,Lesotho,0,0,0,0,8,8,3,0
2016,Liberia,0,0,0,0,2,3,1,0
2016,Libya,0,0,0,0,7,7,6,0
2016,Liechtenstein,0,0,0,0,3,3,2,0
2016,Luxembourg,0,0,0,0,10,14,5,0
2016,Macedonia,0,0,0,0,6,6,4,0
2016,Madagascar,0,0,0,0,6,6,4,0
2016,Malawi,0,0,0,0,5,5,3,0
2016,Maldives,0,0,0,0,4,4,2,0
2016,Mali,0,0,0,0,6,6,4,0
2016,Malta,0,0,0,0,7,8,4,0
2016,Marshall Islands,0,0,0,0,5,5,3,0
2016,Mauritania,0,0,0,0,2,2,1,0
2016,Mauritius,0,0,0,0,11,11,7,0
2016,Micronesia,0,0,0,0,5,5,3,0
2016,Moldova,0,0,0,0,23,22,9,0
2016,Monaco,0,0,0,0,3,8,3,0
2016,Montenegro,0,0,0,0,35,9,7,0
2016,Mozambique,0,0,0,0,6,7,4,0
2016,Myanmar,0,0,0,0,7,8,5,0
2016,Namibia,0,0,0,0,10,9,4,0
2016,Nauru,0,0,0,0,2,2,2,0
2016,Nepal,0,0,0,0,7,7,5,0
2016,Nicaragua,0,0,0,0,5,5,4,0
2016,Oman,0,0,0,0,4,4,2,0
2016,Pakistan,0,0,0,0,7,7,4,0
2016,Palau,0,0,0,0,5,6,4,0
2016,Palestine,0,0,0,0,6,6,4,0
2016,Panama,0,0,0,0,10,14,7,0
2016,Papua New Guinea,0,0,0,0,8,8,6,0
2016,Paraguay,0,0,0,0,11,11,7,0
2016,Peru,0,0,0,0,29,28,11,0
2016,Refugee Olympic Athletes,0,0,0,0,10,12,3,0
2016,Republic of Congo,0,0,0,0,10,9,5,0
2016,Rwanda,0,0,0,0,7,7,3,0
2016,Saint Kitts,0,0,0,0,6,4,1,0
2016,Saint Lucia,0,0,0,0,5,4,3,0
2016,Saint Vincent,0,0,0,0,4,4,2,0
2016,Samoa,0,0,0,0,8,9,5,0
2016,San Marino,0,0,0,0,4,3,2,0
2016,Sao Tome and Principe,0,0,0,0,3,3,2,0
2016,Saudi Arabia,0,0,0,0,10,10,5,0
2016,Senegal,0,0,0,0,22,11,8,0
2016,Seychelles,0,0,0,0,10,10,6,0
2016,Sierra Leone,0,0,0,0,4,4,2,0
2016,Solomon Islands,0,0,0,0,3,3,2,0
2016,Somalia,0,0,0,0,2,2,1,0
2016,South Sudan,0,0,0,0,3,3,1,0
2016,Sri Lanka,0,0,0,0,9,10,6,0
2016,Sudan,0,0,0,0,6,6,3,0
2016,Suriname,0,0,0,0,6,6,4,0
2016,Swaziland,0,0,0,0,2,2,1,0
2016,Syria,0,0,0,0,7,7,5,0
2016,Tanzania,0,0,0,0,7,5,3,0
2016,Timor-Leste,0,0,0,0,3,3,2,0
2016,Togo,0,0,0,0,5,5,3,0
2016,Tonga,0,0,0,0,7,7,4,0
2016,Turkmenistan,0,0,0,0,9,9,5,0
2016,Tuvalu,0,0,0,0,1,1,1,0
2016,Uganda,0,0,0,0,21,14,3,0
2016,Uruguay,0,0,0,0,17,14,8,0
2016,Vanuatu,0,0,0,0,4,4,4,0
2016,"Virgin Islands, British",0,0,0,0,4,4,2,0
2016,"Virgin Islands, US",0,0,0,0,7,7,4,0
2016,Yemen,0,0,0,0,3,3,3,0
2016,Zambia,0,0,0,0,7,7,4,0
2016,Zimbabwe,0,0,0,0,30,13,7,0
